"run","case","channels","variant","median_ns","min_ns","max_ns","thread_cycles","units_per_second","allocs","reallocs","frees","allocated_bytes","freed_bytes"
"1","full","1","before","47.1","45.8","49.8","103","21215240.7","0","0","0","0","0"
"1","full","1","after","44.8","41.6","51.1","98","22340168.1","0","0","0","0","0"
"1","larger","1","before","50.8","46.9","55.8","111.5","19668667.5","0","0","0","0","0"
"1","larger","1","after","47.1","44.5","49","103.3","21237240.4","0","0","0","0","0"
"1","partial","1","before","44.4","42.9","50.5","97.2","22519414.5","0","0","0","0","0"
"1","partial","1","after","43.4","42.7","46.1","94.8","23052516.8","0","0","0","0","0"
"1","partial-tail","1","before","44.3","41.7","47.1","97.1","22587716.3","0","0","0","0","0"
"1","partial-tail","1","after","44.1","41.9","47.3","96.7","22676424.3","0","0","0","0","0"
"1","empty","1","before","11.9","11.1","12.9","26","84279835.4","0","0","0","0","0"
"1","empty","1","after","12.1","11","14.7","26.5","82747474.7","0","0","0","0","0"
"1","full","2","before","64","60.9","71.2","140.1","15630977.7","0","0","0","0","0"
"1","full","2","after","60.2","58.4","62.3","132","16600217.8","0","0","0","0","0"
"1","larger","2","before","60.2","58.3","65.3","131.9","16623376.6","0","0","0","0","0"
"1","larger","2","after","59.3","58.9","64.2","130.1","16853799.7","0","0","0","0","0"
"1","partial","2","before","47.9","46.6","48.8","105","20881312.7","0","0","0","0","0"
"1","partial","2","after","47.5","45.5","50.7","104.3","21072668.8","0","0","0","0","0"
"1","partial-tail","2","before","47.7","44.7","53.4","104.5","20952076.5","0","0","0","0","0"
"1","partial-tail","2","after","47.2","45.3","50.3","103.4","21173087.8","0","0","0","0","0"
"1","empty","2","before","11.8","11","13.4","25.8","84918691.3","0","0","0","0","0"
"1","empty","2","after","12.4","11.2","14.3","27.2","80649766.2","0","0","0","0","0"
"1","full","3","before","82.6","80.6","84.4","181.2","12099437.8","0","0","0","0","0"
"1","full","3","after","80.4","76.9","81","176","12440394.8","0","0","0","0","0"
"1","larger","3","before","84.2","81.5","89.2","184.6","11876228.9","0","0","0","0","0"
"1","larger","3","after","82.7","81.3","94.2","181.3","12089170.9","0","0","0","0","0"
"1","partial","3","before","58.7","55.6","61.7","128.5","17037383.7","0","0","0","0","0"
"1","partial","3","after","56.9","53","63.6","124.7","17588363.2","0","0","0","0","0"
"1","partial-tail","3","before","59.3","57.1","64.3","129.9","16859653","0","0","0","0","0"
"1","partial-tail","3","after","57","55.9","62.7","125.1","17529791","0","0","0","0","0"
"1","empty","3","before","11.9","11.1","13.8","25.9","84323211.5","0","0","0","0","0"
"1","empty","3","after","12.1","11.7","14.3","26.5","82721363.2","0","0","0","0","0"
"1","full","6","before","207","203.3","210.5","453.5","4831025.4","0","0","0","0","0"
"1","full","6","after","204.6","202.4","211.9","448","4886898.7","0","0","0","0","0"
"1","larger","6","before","213.1","206","218.6","466.9","4692438.2","0","0","0","0","0"
"1","larger","6","after","208.9","204.9","221.2","457.5","4787493.6","0","0","0","0","0"
"1","partial","6","before","123.3","120.2","132.4","270.2","8111142.1","0","0","0","0","0"
"1","partial","6","after","117.9","116.6","120.8","258.2","8485272.2","0","0","0","0","0"
"1","partial-tail","6","before","127.2","119.5","132.9","278.9","7858598.9","0","0","0","0","0"
"1","partial-tail","6","after","125.4","120.7","129.5","274.5","7976873.7","0","0","0","0","0"
"1","empty","6","before","13.4","11","14.8","29.3","74829869.8","0","0","0","0","0"
"1","empty","6","after","12.1","11","13.8","26.5","82815442","0","0","0","0","0"
"1","full","8","before","267.6","261.9","281.1","586.5","3736693.6","0","0","0","0","0"
"1","full","8","after","258.2","255.7","270.3","565.4","3873183","0","0","0","0","0"
"1","larger","8","before","260.7","258.7","265.4","571.3","3835273.3","0","0","0","0","0"
"1","larger","8","after","258.2","256","268.9","565.9","3872462.1","0","0","0","0","0"
"1","partial","8","before","157.6","153.2","160.2","345.5","6343196.2","0","0","0","0","0"
"1","partial","8","after","155.2","151.7","161.3","340.3","6442245.8","0","0","0","0","0"
"1","partial-tail","8","before","156.5","151.8","163.5","342.5","6390701","0","0","0","0","0"
"1","partial-tail","8","after","154.8","153","162.4","339.2","6458371.3","0","0","0","0","0"
"1","empty","8","before","11.5","11","12","25.3","86779661","0","0","0","0","0"
"1","empty","8","after","12.2","11.3","14.6","26.7","82269646","0","0","0","0","0"
"2","full","1","after","47","46.3","48.3","103","21271706.3","0","0","0","0","0"
"2","full","1","before","47","46.2","50.6","103.1","21268599.8","0","0","0","0","0"
"2","larger","1","after","45.9","41.5","49.4","100.6","21794479.5","0","0","0","0","0"
"2","larger","1","before","49","44.8","51.8","107.5","20394915","0","0","0","0","0"
"2","partial","1","after","44.2","41.3","46.1","96.9","22640779.4","0","0","0","0","0"
"2","partial","1","before","44.3","41.8","46.2","97.1","22560889.5","0","0","0","0","0"
"2","partial-tail","1","after","45.1","41","46.5","98.8","22167501","0","0","0","0","0"
"2","partial-tail","1","before","44.7","41.9","45.8","97.9","22395899.2","0","0","0","0","0"
"2","empty","1","after","11.8","11.1","13.6","26","84475380.3","0","0","0","0","0"
"2","empty","1","before","11.6","10.8","13.3","25.6","86516171.6","0","0","0","0","0"
"2","full","2","after","60.9","57.9","65.7","133.6","16410051","0","0","0","0","0"
"2","full","2","before","64.5","62","66.7","141.4","15494426.3","0","0","0","0","0"
"2","larger","2","after","57","56.6","63.4","125","17546687.4","0","0","0","0","0"
"2","larger","2","before","66.6","59.7","71.9","145.8","15018275.6","0","0","0","0","0"
"2","partial","2","after","52","50.8","60.8","114.2","19213697.3","0","0","0","0","0"
"2","partial","2","before","53.5","50.7","59.4","117.1","18703196.3","0","0","0","0","0"
"2","partial-tail","2","after","57.2","51.6","60","125.4","17470443.2","0","0","0","0","0"
"2","partial-tail","2","before","55.1","51.5","60","120.8","18132920.1","0","0","0","0","0"
"2","empty","2","after","13.1","11.4","15.1","28.5","76262291.3","0","0","0","0","0"
"2","empty","2","before","12.8","11.4","15.1","28.1","78163277.5","0","0","0","0","0"
"2","full","3","after","83.3","82.2","92.6","182.6","12005349.1","0","0","0","0","0"
"2","full","3","before","78.8","78.1","81.4","172.8","12687866","0","0","0","0","0"
"2","larger","3","after","86.4","80.8","91.7","189.3","11575321.9","0","0","0","0","0"
"2","larger","3","before","85.7","81.5","94.2","187.8","11667957.4","0","0","0","0","0"
"2","partial","3","after","60.8","57.7","65.4","133.2","16455788.4","0","0","0","0","0"
"2","partial","3","before","60","58.3","65.8","131.3","16674129.9","0","0","0","0","0"
"2","partial-tail","3","after","60.9","58.4","63.9","133.5","16410256.4","0","0","0","0","0"
"2","partial-tail","3","before","60.9","59.3","64","133.3","16433712","0","0","0","0","0"
"2","empty","3","after","12.3","11.1","13.8","26.9","81497233.1","0","0","0","0","0"
"2","empty","3","before","12.1","10.8","12.5","26.5","82752699","0","0","0","0","0"
"2","full","6","after","200.4","199.6","210","439.1","4989683.5","0","0","0","0","0"
"2","full","6","before","206.3","203.8","212.9","452.1","4846907.1","0","0","0","0","0"
"2","larger","6","after","205","200.2","209.5","449.3","4878658.8","0","0","0","0","0"
"2","larger","6","before","206.3","199.5","211.5","452.1","4847426.9","0","0","0","0","0"
"2","partial","6","after","128.8","121.3","135.6","282.2","7764836.9","0","0","0","0","0"
"2","partial","6","before","121.1","119.6","125.9","265.4","8257128.1","0","0","0","0","0"
"2","partial-tail","6","after","124.6","121","129.5","273.2","8022524.2","0","0","0","0","0"
"2","partial-tail","6","before","122.8","117.7","131","269.2","8140410.2","0","0","0","0","0"
"2","empty","6","after","11.9","11.6","13.1","26.1","84112173.5","0","0","0","0","0"
"2","empty","6","before","11.7","11.4","13.3","25.7","85194670.1","0","0","0","0","0"
"2","full","8","after","263.5","259.9","272.2","577.4","3794744.7","0","0","0","0","0"
"2","full","8","before","259.9","255.2","268.3","569.3","3847499.6","0","0","0","0","0"
"2","larger","8","after","266.2","263.2","271.1","583.3","3756484.3","0","0","0","0","0"
"2","larger","8","before","265.6","253.6","271.7","582","3764911.3","0","0","0","0","0"
"2","partial","8","after","153.8","146.9","159.3","337","6503587.4","0","0","0","0","0"
"2","partial","8","before","161.1","154.8","170.7","353.1","6206383.9","0","0","0","0","0"
"2","partial-tail","8","after","158.1","155.4","164.6","346.7","6323366.2","0","0","0","0","0"
"2","partial-tail","8","before","162.3","154.2","169.3","355.8","6162091.5","0","0","0","0","0"
"2","empty","8","after","11.9","11.4","13.2","26.2","83869977","0","0","0","0","0"
"2","empty","8","before","12.4","11.6","14.8","27.2","80709359.6","0","0","0","0","0"
"3","full","1","before","49.6","47.4","53","108.8","20143849.5","0","0","0","0","0"
"3","full","1","after","49.8","48.9","50.5","109.3","20066443.1","0","0","0","0","0"
"3","larger","1","before","51","49.6","53","111.7","19607174.4","0","0","0","0","0"
"3","larger","1","after","45.9","45.3","47.2","100.6","21803543.2","0","0","0","0","0"
"3","partial","1","before","45","43.6","46.4","98.4","22245757","0","0","0","0","0"
"3","partial","1","after","45","43.7","47.1","98.6","22246134.5","0","0","0","0","0"
"3","partial-tail","1","before","46","43.7","47","100.7","21751800.6","0","0","0","0","0"
"3","partial-tail","1","after","44.7","44","45.4","98","22387101.2","0","0","0","0","0"
"3","empty","1","before","12.3","11.5","13.2","26.9","81608866.2","0","0","0","0","0"
"3","empty","1","after","12.3","11.9","13.8","27.1","81179239.4","0","0","0","0","0"
"3","full","2","before","63.5","62.4","65.9","139.1","15744573.5","0","0","0","0","0"
"3","full","2","after","59.2","58.4","62.6","129.6","16898779.1","0","0","0","0","0"
"3","larger","2","before","61.5","59","64.2","134.8","16250743.9","0","0","0","0","0"
"3","larger","2","after","62.7","56","69","137.4","15956952.1","0","0","0","0","0"
"3","partial","2","before","53.3","49.3","56.4","116.8","18773920","0","0","0","0","0"
"3","partial","2","after","48.6","46.4","58.3","106.6","20568057","0","0","0","0","0"
"3","partial-tail","2","before","47.8","46.6","49","104.9","20911295.5","0","0","0","0","0"
"3","partial-tail","2","after","46.9","44.7","49.9","102.8","21336111.5","0","0","0","0","0"
"3","empty","2","before","12","11.3","14.3","26.3","83326128.4","0","0","0","0","0"
"3","empty","2","after","12.2","11.8","13.9","26.8","81766687.5","0","0","0","0","0"
"3","full","3","before","78.7","75.5","82.3","172.4","12708040.4","0","0","0","0","0"
"3","full","3","after","72.5","68.8","80.2","158.8","13799957.9","0","0","0","0","0"
"3","larger","3","before","87.2","84.3","91.5","190.9","11461751","0","0","0","0","0"
"3","larger","3","after","85.2","80.8","89.7","186.6","11740174.1","0","0","0","0","0"
"3","partial","3","before","56.8","54.6","60.3","124.4","17604190.5","0","0","0","0","0"
"3","partial","3","after","57.1","53.1","70.6","125.1","17517140","0","0","0","0","0"
"3","partial-tail","3","before","56.5","55.2","60.7","123.7","17705254.6","0","0","0","0","0"
"3","partial-tail","3","after","56.1","53.9","57.8","122.9","17815231.1","0","0","0","0","0"
"3","empty","3","before","11.8","11.5","12.2","25.8","85073018.8","0","0","0","0","0"
"3","empty","3","after","12.5","12","15.2","27.4","80043969.5","0","0","0","0","0"
"3","full","6","before","214.6","203.1","220.7","453.4","4658962.9","0","0","0","0","0"
"3","full","6","after","209.9","205.9","213.7","459.5","4764296.9","0","0","0","0","0"
"3","larger","6","before","209.4","202.3","220.5","458.4","4775684.4","0","0","0","0","0"
"3","larger","6","after","209.3","205.9","211.7","458.3","4777773.3","0","0","0","0","0"
"3","partial","6","before","122","112.2","125.6","267.3","8197635.9","0","0","0","0","0"
"3","partial","6","after","115.7","112","122.7","253.6","8644085.7","0","0","0","0","0"
"3","partial-tail","6","before","122.6","115","127.6","268.5","8155301.1","0","0","0","0","0"
"3","partial-tail","6","after","122.4","117.9","130.9","268.1","8169228.3","0","0","0","0","0"
"3","empty","6","before","11.7","10.7","13.7","25.6","85729609.5","0","0","0","0","0"
"3","empty","6","after","11.9","11.1","13","26","83687907","0","0","0","0","0"
"3","full","8","before","264.4","256.2","272.8","577.5","3782665.3","0","0","0","0","0"
"3","full","8","after","265.1","261.4","272","580.4","3771801.8","0","0","0","0","0"
"3","larger","8","before","266.7","261.2","274","580.7","3750014.3","0","0","0","0","0"
"3","larger","8","after","256.1","248.5","263.3","558.3","3904043.1","0","0","0","0","0"
"3","partial","8","before","154.5","149","158.4","337","6472052.1","0","0","0","0","0"
"3","partial","8","after","157.8","149.3","161.7","343.6","6336786.8","0","0","0","0","0"
"3","partial-tail","8","before","154.9","146.4","159.4","338.1","6453887.4","0","0","0","0","0"
"3","partial-tail","8","after","153","148.4","163.2","333.5","6534877.6","0","0","0","0","0"
"3","empty","8","before","10.5","9.7","11.8","23","94842257.6","0","0","0","0","0"
"3","empty","8","after","10.3","9.8","12.6","22.7","96875092.4","0","0","0","0","0"
"1","decoder-packets","1","before","1348.3","1296.2","1368.7","2955.2","4563503201.6","0","0","0","0","0"
"1","decoder-packets","1","after","1302.3","1282.3","1318","2853.7","4724891240.7","0","0","0","0","0"
"1","small-packets","1","before","279.7","272.7","283.4","612.1","2455910891","0","0","0","0","0"
"1","small-packets","1","after","277.8","267","290.8","608.9","2472649147.4","0","0","0","0","0"
"1","decoder-packets","2","before","1874.5","1856.6","1942.3","4107.9","6565101999","0","0","0","0","0"
"1","decoder-packets","2","after","1796.3","1785.2","1812.2","3936.5","6850796294.6","0","0","0","0","0"
"1","small-packets","2","before","309.8","304.3","325","678.7","4434584915.4","0","0","0","0","0"
"1","small-packets","2","after","301.6","296.4","306.7","661","4555577905.7","0","0","0","0","0"
"1","decoder-packets","6","before","5775","5712","5792.6","12654.3","6392707003.6","0","0","0","0","0"
"1","decoder-packets","6","after","5717.3","5690.2","5755.6","12527.6","6457189911.4","0","0","0","0","0"
"1","small-packets","6","before","584.1","574.8","589.4","1279.4","7057117270.6","0","0","0","0","0"
"1","small-packets","6","after","588.3","573","592","1289.1","7006071181.3","0","0","0","0","0"
"2","decoder-packets","1","after","1271.4","1260.3","1296","2785.5","4839527812.3","0","0","0","0","0"
"2","decoder-packets","1","before","1369.2","1320.3","1412","2959.1","4493709344.2","0","0","0","0","0"
"2","small-packets","1","after","278.8","264.4","286.8","611.1","2463759398.5","0","0","0","0","0"
"2","small-packets","1","before","290.3","278.2","293.3","635.6","2366865836.4","0","0","0","0","0"
"2","decoder-packets","2","after","1817.2","1798.1","1824.3","3976.9","6771986380.2","0","0","0","0","0"
"2","decoder-packets","2","before","1903.9","1868.8","1960.6","4159.5","6463574270.3","0","0","0","0","0"
"2","small-packets","2","after","313.5","305.6","319.3","683.8","4382697472.5","0","0","0","0","0"
"2","small-packets","2","before","311.2","303","314.8","678.8","4415189436.5","0","0","0","0","0"
"2","decoder-packets","6","after","5755.1","5651.7","5793.9","12561.7","6414819027.1","0","0","0","0","0"
"2","decoder-packets","6","before","5792.6","5773.5","5832.2","12667.4","6373309471.1","0","0","0","0","0"
"2","small-packets","6","after","553.3","546","564.6","1211.5","7449613978.2","0","0","0","0","0"
"2","small-packets","6","before","558.5","553.9","595.9","1223.9","7381019038.7","0","0","0","0","0"
"3","decoder-packets","1","before","1308.3","1297.3","1354.3","2865.5","4703046950.8","0","0","0","0","0"
"3","decoder-packets","1","after","1261","1232.5","1335.9","2762.7","4879619933.6","0","0","0","0","0"
"3","small-packets","1","before","272.3","262.2","289.1","596.8","2522521892.6","0","0","0","0","0"
"3","small-packets","1","after","268.9","266.5","278.3","588.5","2555089495.5","0","0","0","0","0"
"3","decoder-packets","2","before","1885.8","1861.1","1935.2","4130.9","6525685803.6","0","0","0","0","0"
"3","decoder-packets","2","after","1822.8","1773","1828.1","3993.5","6751091084","0","0","0","0","0"
"3","small-packets","2","before","296.1","287.1","310","649.2","4640063484.5","0","0","0","0","0"
"3","small-packets","2","after","299.8","299.1","305.6","657","4583636918.9","0","0","0","0","0"
"3","decoder-packets","6","before","5721.3","5598","5805.6","12535.3","6452729563.9","0","0","0","0","0"
"3","decoder-packets","6","after","5682.9","5650.3","5733.8","12453.1","6496284603.1","0","0","0","0","0"
"3","small-packets","6","before","607.8","586.2","617.9","1331.7","6782343672.3","0","0","0","0","0"
"3","small-packets","6","after","584.3","571.9","598.7","1280.5","7054076640.9","0","0","0","0","0"
