benchmark,run,case,variant,median_ns,min_ns,max_ns,thread_cycles,process_cycles,throughput_per_s,throughput_unit,allocs,reallocs,frees,allocated_bytes
backend,1,Vulkan,before,308199.2,284195.8,322645.0,643708,647410,3244.7,frames,0,0,0,0
backend,1,Vulkan,after,291152.5,280439.2,310148.3,631915,635063,3434.6,frames,0,0,0,0
backend,1,Vulkan (wgpu),before,1497913.3,1479467.5,1505401.7,1458363,1472031,667.6,frames,102,27,102,152005
backend,1,Vulkan (wgpu),after,1012704.2,996538.3,1021040.0,1402998,1411411,987.5,frames,102,24,102,137669
backend,1,DirectX,before,1988025.0,1963754.2,1997961.7,2119775,2126485,503.0,frames,88,26,88,138485
backend,1,DirectX,after,1395915.0,1367721.7,1419964.2,1910513,1915240,716.4,frames,88,22,88,133621
backend,1,OpenGL,before,505063.3,492584.2,515047.5,1093353,1094712,1979.9,frames,0,0,0,0
backend,1,OpenGL,after,471802.5,449978.3,476672.5,1017902,1019148,2119.5,frames,0,0,0,0
backend,1,OpenGL (wgpu),before,3466003.3,3353498.3,3491709.2,7511835,7514696,288.5,frames,97,36,97,1253009
backend,1,OpenGL (wgpu),after,3266431.7,3193140.0,3314575.0,7081833,7084684,306.1,frames,97,32,97,1248145
backend,1,Software,before,52307162.5,51584125.0,52813675.0,4086432,797041401,19.1,frames,0,0,0,0
backend,1,Software,after,51748775.0,51038200.0,53078750.0,4199803,797171612,19.3,frames,0,0,0,0
backend,2,Vulkan,after,294211.7,284920.0,312274.2,640135,642164,3398.9,frames,0,0,0,0
backend,2,Vulkan,before,290225.8,285042.5,305715.0,627536,630633,3445.6,frames,0,0,0,0
backend,2,Vulkan (wgpu),after,1002368.3,978199.2,1030117.5,1389453,1398189,997.6,frames,102,24,102,137669
backend,2,Vulkan (wgpu),before,1497015.8,1477396.7,1511311.7,1438870,1451058,668.0,frames,102,27,102,152005
backend,2,DirectX,after,1392530.0,1352544.2,1401565.8,1895459,1900696,718.1,frames,88,22,88,133621
backend,2,DirectX,before,2010968.3,1996497.5,2038062.5,2144480,2150806,497.3,frames,88,26,88,138485
backend,2,OpenGL,after,470490.0,456503.3,479632.5,1018570,1019466,2125.4,frames,0,0,0,0
backend,2,OpenGL,before,489797.5,481941.7,500632.5,1068321,1068237,2041.7,frames,0,0,0,0
backend,2,OpenGL (wgpu),after,3312310.0,3250511.7,3363446.7,7140891,7143552,301.9,frames,97,32,97,1248145
backend,2,OpenGL (wgpu),before,3386745.0,3351840.0,3423066.7,7354326,7357735,295.3,frames,97,36,97,1253009
backend,2,Software,after,51298475.0,50065637.5,52542250.0,4175219,793543106,19.5,frames,0,0,0,0
backend,2,Software,before,51607487.5,50390187.5,52482675.0,4179801,796670554,19.4,frames,0,0,0,0
backend,3,Vulkan,before,305439.2,286930.0,314017.5,644322,645870,3274.0,frames,0,0,0,0
backend,3,Vulkan,after,294236.7,290698.3,310037.5,635791,639085,3398.6,frames,0,0,0,0
backend,3,Vulkan (wgpu),before,1482107.5,1409641.7,1513742.5,1427604,1442973,674.7,frames,102,27,102,152005
backend,3,Vulkan (wgpu),after,985004.2,927205.8,1011726.7,1370542,1379697,1015.2,frames,102,24,102,137669
backend,3,DirectX,before,2010966.7,1990048.3,2043378.3,2129613,2136490,497.3,frames,88,26,88,138485
backend,3,DirectX,after,1356697.5,1350057.5,1379088.3,1885924,1890246,737.1,frames,88,22,88,133621
backend,3,OpenGL,before,496409.2,488220.8,506948.3,1076426,1077387,2014.5,frames,0,0,0,0
backend,3,OpenGL,after,462570.0,458105.8,474292.5,1003892,1005250,2161.8,frames,0,0,0,0
backend,3,OpenGL (wgpu),before,3527831.7,3457779.2,3570689.2,7639430,7642152,283.5,frames,97,36,97,1253009
backend,3,OpenGL (wgpu),after,3239340.8,3193878.3,3295351.7,7036705,7038306,308.7,frames,97,32,97,1248145
backend,3,Software,before,52131262.5,51597950.0,53416925.0,4223647,798975376,19.2,frames,0,0,0,0
backend,3,Software,after,51984137.5,51283975.0,53686687.5,4120070,799539527,19.2,frames,0,0,0,0
finish_frame,1,mines-0,before,610.5,554.9,642.6,2660,,368551547.6,items,0,0,0,0
finish_frame,1,mines-0,after,562.8,548.7,594.1,2502,,399809118.9,items,0,0,0,0
finish_frame,1,mines-8,before,1399.3,1354.9,1565.1,4389,,177940925.0,items,0,0,0,0
finish_frame,1,mines-8,after,1344.8,1333.6,1685.7,4236,,185161032.6,items,0,0,0,0
finish_frame,1,mines-32,before,4052.2,3929.1,4357.1,10262,,79215804.4,items,0,0,0,0
finish_frame,1,mines-32,after,3971.5,3826.1,4155.9,10100,,80826699.3,items,0,0,0,0
finish_frame,1,mines-32-adjacent,before,4211.4,4046.3,4343.6,10568,,76221659.3,items,0,0,0,0
finish_frame,1,mines-32-adjacent,after,4228.7,4149.0,4496.4,10700,,75909657.8,items,0,0,0,0
finish_frame,1,mines-32-holds,before,5633.6,5422.6,6000.5,13822,,62659825.3,items,0,0,0,0
finish_frame,1,mines-32-holds,after,5353.3,5119.8,5534.6,13126,,65940986.0,items,0,0,0,0
finish_frame,2,mines-0,after,565.6,542.3,637.2,2529,,397807225.8,items,0,0,0,0
finish_frame,2,mines-0,before,610.9,541.9,691.8,2731,,368330602.3,items,0,0,0,0
finish_frame,2,mines-8,after,1471.8,1346.0,1725.9,4702,,169177586.8,items,0,0,0,0
finish_frame,2,mines-8,before,1524.2,1336.6,1633.2,4764,,163359761.7,items,0,0,0,0
finish_frame,2,mines-32,after,3978.9,3870.8,4053.1,10121,,80675436.9,items,0,0,0,0
finish_frame,2,mines-32,before,3961.3,3837.0,4334.9,10089,,81033428.7,items,0,0,0,0
finish_frame,2,mines-32-adjacent,after,4041.1,3910.1,4122.3,10210,,79434516.3,items,0,0,0,0
finish_frame,2,mines-32-adjacent,before,3960.6,3849.5,4284.4,10114,,81048913.5,items,0,0,0,0
finish_frame,2,mines-32-holds,after,5194.1,5021.6,5487.3,12746,,67961513.7,items,0,0,0,0
finish_frame,2,mines-32-holds,before,5238.8,5129.4,5668.8,12874,,67381293.0,items,0,0,0,0
finish_frame,3,mines-0,before,623.6,565.6,719.5,2683,,360789226.4,items,0,0,0,0
finish_frame,3,mines-0,after,590.1,539.6,683.8,2627,,381299131.2,items,0,0,0,0
finish_frame,3,mines-8,before,1463.3,1404.0,1615.1,4502,,170159831.8,items,0,0,0,0
finish_frame,3,mines-8,after,1407.8,1361.1,1535.9,4375,,176870144.3,items,0,0,0,0
finish_frame,3,mines-32,before,3839.7,3689.3,4275.3,9789,,83599277.7,items,0,0,0,0
finish_frame,3,mines-32,after,3890.6,3718.8,4170.0,9983,,82507059.6,items,0,0,0,0
finish_frame,3,mines-32-adjacent,before,4210.6,3849.0,4420.9,10705,,76235801.6,items,0,0,0,0
finish_frame,3,mines-32-adjacent,after,3992.8,3887.5,4223.8,10179,,80394753.7,items,0,0,0,0
finish_frame,3,mines-32-holds,before,5317.7,5106.1,5495.3,13099,,66381775.3,items,0,0,0,0
finish_frame,3,mines-32-holds,after,5149.7,5051.7,5270.6,12640,,68548238.8,items,0,0,0,0
finish_frame,4,mines-0,after,586.5,542.8,620.1,2551,,383648322.4,items,0,0,0,0
finish_frame,4,mines-0,before,598.4,552.1,646.9,2617,,375994451.5,items,0,0,0,0
finish_frame,4,mines-8,after,1437.6,1340.7,1600.9,4414,,173205624.6,items,0,0,0,0
finish_frame,4,mines-8,before,1384.7,1376.9,1442.4,4347,,179816992.5,items,0,0,0,0
finish_frame,4,mines-32,after,3853.8,3658.1,4190.6,9827,,83294225.0,items,0,0,0,0
finish_frame,4,mines-32,before,3909.1,3754.1,4170.5,9948,,82115439.9,items,0,0,0,0
finish_frame,4,mines-32-adjacent,after,3915.5,3817.5,4167.7,9928,,81981294.4,items,0,0,0,0
finish_frame,4,mines-32-adjacent,before,4007.0,3884.2,4080.2,10190,,80109183.1,items,0,0,0,0
finish_frame,4,mines-32-holds,after,5241.1,5136.0,5537.1,12848,,67352416.4,items,0,0,0,0
finish_frame,4,mines-32-holds,before,5514.0,4959.7,5726.0,13610,,64019269.3,items,0,0,0,0
finish_frame,5,mines-0,before,610.7,587.0,659.9,2720,,368433677.1,items,0,0,0,0
finish_frame,5,mines-0,after,583.0,531.4,652.6,2642,,385945810.1,items,0,0,0,0
finish_frame,5,mines-8,before,1628.2,1544.6,1769.7,4981,,152929780.6,items,0,0,0,0
finish_frame,5,mines-8,after,1572.9,1534.2,1738.9,4744,,158301359.7,items,0,0,0,0
finish_frame,5,mines-32,before,3883.4,3773.2,3980.3,9891,,82659558.4,items,0,0,0,0
finish_frame,5,mines-32,after,3787.9,3678.2,3914.7,9740,,84743189.0,items,0,0,0,0
finish_frame,5,mines-32-adjacent,before,4052.8,3881.7,4359.4,10336,,79204828.9,items,0,0,0,0
finish_frame,5,mines-32-adjacent,after,3972.3,3876.2,4167.3,10040,,80808815.8,items,0,0,0,0
finish_frame,5,mines-32-holds,before,5287.7,5176.0,5404.3,12989,,66759071.6,items,0,0,0,0
finish_frame,5,mines-32-holds,after,5078.8,4999.8,5335.5,12523,,69504489.8,items,0,0,0,0
