round,order,crate,workload,variant,median_ns,min_ns,max_ns,thread_cycles,units_per_second,allocations,reallocations,frees,allocated_bytes,freed_bytes
1,old-first,deadsync_gameplay,group_wide_8_shuffled,old,253.1,228.1,353.1,2050.9,31604938.3,1,0,1,256,256
1,old-first,deadsync_gameplay,group_wide_8_shuffled,new,265.6,246.9,281.2,2092.1,30117647.1,1,0,1,256,256
1,old-first,deadsync_gameplay,group_wide_64_shuffled,old,14790.6,14471.9,15587.5,33912.8,4327065.3,2,0,2,69888,69888
1,old-first,deadsync_gameplay,group_wide_64_shuffled,new,7062.5,7025.0,7178.1,17134.7,9061946.9,2,0,2,768,768
1,old-first,deadsync_gameplay,group_wide_1024_shuffled,old,1693965.6,1679237.5,1702006.2,3713061.8,604498.7,2,0,2,1114368,1114368
1,old-first,deadsync_gameplay,group_wide_1024_shuffled,new,204575.0,203075.0,207331.2,451861.3,5005499.2,2,0,2,8448,8448
1,old-first,deadsync_gameplay,group_wide_8192_shuffled,old,16507562.5,16374412.5,16951350.0,36141690.2,496257.4,2,0,2,7999232,7999232
1,old-first,deadsync_gameplay,group_wide_8192_shuffled,new,2653362.5,2589162.5,2701975.0,5804567.6,3087403.2,2,0,2,65792,65792
1,old-first,deadsync_gameplay,group_wide_1024_ties,old,1276790.6,1267359.4,1356090.6,2798810.2,802010.9,2,0,2,1114368,1114368
1,old-first,deadsync_gameplay,group_wide_1024_ties,new,231240.6,230006.2,233243.8,510865.7,4428287.6,2,0,2,8448,8448
1,old-first,deadsync_gameplay,group_wide_1024_sorted,old,33925.0,33409.4,35006.2,77620.6,30184229.9,2,0,2,1114368,1114368
1,old-first,deadsync_gameplay,group_wide_1024_sorted,new,11409.4,11368.8,11953.1,27965.7,89750753.2,1,0,1,256,256
1,old-first,deadsync_gameplay,group_small_1024_shuffled,old,110975.0,106240.6,111506.2,244769.9,9227303.4,2,0,2,65792,65792
1,old-first,deadsync_gameplay,group_small_1024_shuffled,new,109318.8,108556.2,110231.2,241450.1,9367103.1,2,0,2,65792,65792
1,old-first,deadsync_gameplay,ease_0_valid,old,37.5,35.9,181.2,106.3,26666666.7,0,0,0,0,0
1,old-first,deadsync_gameplay,ease_0_valid,new,35.9,35.9,37.5,102.9,27826087.0,0,0,0,0,0
1,old-first,deadsync_gameplay,ease_1_valid,old,300.0,298.4,306.2,679.1,3333333.3,1,0,1,128,128
1,old-first,deadsync_gameplay,ease_1_valid,new,303.1,301.6,304.7,689.4,3298969.1,1,0,1,128,128
1,old-first,deadsync_gameplay,ease_1024_wrong_player,old,3626.6,2765.6,3859.4,7600.2,282361051.3,1,0,1,131072,131072
1,old-first,deadsync_gameplay,ease_1024_wrong_player,new,1101.6,1100.0,1103.1,2445.4,929588652.5,0,0,0,0,0
1,old-first,deadsync_gameplay,ease_1024_unsupported,old,102143.8,101948.4,102526.6,223968.9,10025087.2,1,0,1,131072,131072
1,old-first,deadsync_gameplay,ease_1024_unsupported,new,99962.5,99642.2,100537.5,219119.3,10243841.4,0,0,0,0,0
1,old-first,deadsync_gameplay,ease_1024_ignored,old,25432.8,25170.3,25723.4,55650.1,40262947.7,1,0,1,131072,131072
1,old-first,deadsync_gameplay,ease_1024_ignored,new,11862.5,11843.8,11978.1,26065.6,86322444.7,0,0,0,0,0
1,old-first,deadsync_gameplay,ease_1024_valid,old,57646.9,56385.9,58643.8,126480.0,17763321.9,2,0,2,139264,139264
1,old-first,deadsync_gameplay,ease_1024_valid,new,43256.2,42759.4,43993.8,94820.6,23672879.6,2,0,2,139264,139264
1,old-first,deadsync_gameplay,ease_1024_alias,old,284578.1,281992.2,292470.3,620663.7,3598308.9,2,0,2,147456,147456
1,old-first,deadsync_gameplay,ease_1024_alias,new,286742.2,283900.0,288935.9,627852.3,3571152.2,2,0,2,147456,147456
1,old-first,deadsync_gameplay,ease_1024_mixed,old,77298.4,75589.1,84212.5,169351.1,13247357.0,2,0,2,136528,136528
1,old-first,deadsync_gameplay,ease_1024_mixed,new,69517.2,67946.9,71423.4,152367.3,14730170.1,2,0,2,136528,136528
1,old-first,deadsync_gameplay,message_times_1_forward,old,6628.1,6612.5,7962.5,14596.8,19311645.5,1,0,1,1024,1024
1,old-first,deadsync_gameplay,message_times_1_forward,new,6940.6,6931.2,7268.8,15289.6,18442143.2,1,0,1,1024,1024
1,old-first,deadsync_gameplay,message_times_64_forward,old,328575.0,320031.2,350275.0,719946.3,1558243.9,1,0,1,4096,4096
1,old-first,deadsync_gameplay,message_times_64_forward,new,37978.1,37556.2,41956.2,83293.4,13481444.9,1,0,1,4096,4096
1,old-first,deadsync_gameplay,message_times_1024_forward,old,18984375.0,18764725.0,19125075.0,41606061.0,107878.2,1,0,1,16384,16384
1,old-first,deadsync_gameplay,message_times_1024_forward,new,203625.0,200275.0,221000.0,445530.0,10057704.1,1,0,1,16384,16384
1,old-first,deadsync_gameplay,message_times_64_rewind,old,81421.9,80925.0,100796.9,178638.7,1572059.1,1,0,1,1024,1024
1,old-first,deadsync_gameplay,message_times_64_rewind,new,81703.1,81425.0,86115.6,178940.5,1566647.5,1,0,1,1024,1024
1,old-first,deadsync_gameplay,message_times_64_random,old,79946.9,79903.1,80196.9,175380.5,1601063.2,1,0,1,1024,1024
1,old-first,deadsync_gameplay,message_times_64_random,new,79359.4,79159.4,79515.6,173981.2,1612915.9,1,0,1,1024,1024
1,old-first,deadsync_gameplay,message_times_64_fractional,old,326890.6,326171.9,333259.4,715913.0,1566273.1,1,0,1,4096,4096
1,old-first,deadsync_gameplay,message_times_64_fractional,new,37187.5,37087.5,38865.6,81503.1,13768067.2,1,0,1,4096,4096
1,old-first,deadsync_gameplay,message_times_64_pauses,old,402834.4,401859.4,425965.6,883480.6,1270993.8,1,0,1,4096,4096
1,old-first,deadsync_gameplay,message_times_64_pauses,new,403856.2,403100.0,417684.4,885099.4,1267777.8,1,0,1,4096,4096
1,old-first,deadsync_gameplay,message_times_64_subrow,old,320968.8,319540.6,330028.1,703456.3,1595170.9,1,0,1,4096,4096
1,old-first,deadsync_gameplay,message_times_64_subrow,new,320465.6,320290.6,331096.9,702461.7,1597675.3,1,0,1,4096,4096
2,new-first,deadsync_gameplay,group_wide_8_shuffled,new,287.5,265.6,384.4,2222.5,27826087.0,1,0,1,256,256
2,new-first,deadsync_gameplay,group_wide_8_shuffled,old,246.9,240.6,262.5,2057.8,32405063.3,1,0,1,256,256
2,new-first,deadsync_gameplay,group_wide_64_shuffled,new,6400.0,6390.6,6837.5,15680.5,10000000.0,2,0,2,768,768
2,new-first,deadsync_gameplay,group_wide_64_shuffled,old,15375.0,15240.6,15971.9,35380.8,4162601.6,2,0,2,69888,69888
2,new-first,deadsync_gameplay,group_wide_1024_shuffled,new,207900.0,205087.5,213637.5,458494.3,4925444.9,2,0,2,8448,8448
2,new-first,deadsync_gameplay,group_wide_1024_shuffled,old,1698587.5,1665828.1,1723843.8,3723104.0,602853.8,2,0,2,1114368,1114368
2,new-first,deadsync_gameplay,group_wide_8192_shuffled,new,2692787.5,2517000.0,2872137.5,5903973.9,3042200.7,2,0,2,65792,65792
2,new-first,deadsync_gameplay,group_wide_8192_shuffled,old,16573462.5,16423375.0,16987937.5,36304229.9,494284.2,2,0,2,7999232,7999232
2,new-first,deadsync_gameplay,group_wide_1024_ties,new,230259.4,229540.6,234328.1,507230.2,4447158.8,2,0,2,8448,8448
2,new-first,deadsync_gameplay,group_wide_1024_ties,old,1232709.4,1217950.0,1615250.0,2702902.3,830690.5,2,0,2,1114368,1114368
2,new-first,deadsync_gameplay,group_wide_1024_sorted,new,17178.1,16384.4,19365.6,41657.0,59610696.7,1,0,1,256,256
2,new-first,deadsync_gameplay,group_wide_1024_sorted,old,45034.4,32796.9,54446.9,101964.7,22738186.1,2,0,2,1114368,1114368
2,new-first,deadsync_gameplay,group_small_1024_shuffled,new,115996.9,110034.4,122406.2,256369.2,8827824.0,2,0,2,65792,65792
2,new-first,deadsync_gameplay,group_small_1024_shuffled,old,109550.0,108650.0,110215.6,241827.3,9347330.0,2,0,2,65792,65792
2,new-first,deadsync_gameplay,ease_0_valid,new,37.5,35.9,84.4,102.9,26666666.7,0,0,0,0,0
2,new-first,deadsync_gameplay,ease_0_valid,old,37.5,37.5,40.6,106.3,26666666.7,0,0,0,0,0
2,new-first,deadsync_gameplay,ease_1_valid,new,151.6,145.3,339.1,356.7,6597938.1,1,0,1,128,128
2,new-first,deadsync_gameplay,ease_1_valid,old,148.4,146.9,153.1,349.8,6736842.1,1,0,1,128,128
2,new-first,deadsync_gameplay,ease_1024_wrong_player,new,1096.9,1089.1,1100.0,2431.7,933561253.6,0,0,0,0,0
2,new-first,deadsync_gameplay,ease_1024_wrong_player,old,2412.5,2375.0,2596.9,5322.9,424455958.5,1,0,1,131072,131072
2,new-first,deadsync_gameplay,ease_1024_unsupported,new,101157.8,100368.8,103045.3,221804.7,10122797.0,0,0,0,0,0
2,new-first,deadsync_gameplay,ease_1024_unsupported,old,105373.4,104057.8,107578.1,231006.6,9717819.1,1,0,1,131072,131072
2,new-first,deadsync_gameplay,ease_1024_ignored,new,11848.4,11845.3,12748.4,26041.6,86424897.8,0,0,0,0,0
2,new-first,deadsync_gameplay,ease_1024_ignored,old,26846.9,25345.3,36128.1,58863.7,38142241.9,1,0,1,131072,131072
2,new-first,deadsync_gameplay,ease_1024_valid,new,42371.9,41882.8,45157.8,92831.3,24166974.0,2,0,2,139264,139264
2,new-first,deadsync_gameplay,ease_1024_valid,old,55382.8,55182.8,56415.6,121435.0,18489490.8,2,0,2,139264,139264
2,new-first,deadsync_gameplay,ease_1024_alias,new,301057.8,297035.9,315210.9,659467.2,3401340.1,2,0,2,147456,147456
2,new-first,deadsync_gameplay,ease_1024_alias,old,283340.6,282260.9,288214.1,620488.8,3614024.6,2,0,2,147456,147456
2,new-first,deadsync_gameplay,ease_1024_mixed,new,70846.9,70301.6,73290.6,155368.3,14453707.4,2,0,2,136528,136528
2,new-first,deadsync_gameplay,ease_1024_mixed,old,72018.8,70898.4,77931.2,157556.4,14218519.5,2,0,2,136528,136528
2,new-first,deadsync_gameplay,message_times_1_forward,new,6643.8,6637.5,6718.8,14624.2,19266227.7,1,0,1,1024,1024
2,new-first,deadsync_gameplay,message_times_1_forward,old,6621.9,6615.6,6646.9,14583.0,19329872.6,1,0,1,1024,1024
2,new-first,deadsync_gameplay,message_times_64_forward,new,38118.8,37731.2,42131.2,83581.5,13431710.1,1,0,1,4096,4096
2,new-first,deadsync_gameplay,message_times_64_forward,old,337231.2,326159.4,342696.9,738871.3,1518246.0,1,0,1,4096,4096
2,new-first,deadsync_gameplay,message_times_1024_forward,new,200075.0,199725.0,202450.0,439603.8,10236161.4,1,0,1,16384,16384
2,new-first,deadsync_gameplay,message_times_1024_forward,old,18713100.0,18623175.0,19094625.0,41017307.2,109442.0,1,0,1,16384,16384
2,new-first,deadsync_gameplay,message_times_64_rewind,new,81728.1,81534.4,82040.6,179160.0,1566168.3,1,0,1,1024,1024
2,new-first,deadsync_gameplay,message_times_64_rewind,old,80975.0,80940.6,83715.6,177678.4,1580734.8,1,0,1,1024,1024
2,new-first,deadsync_gameplay,message_times_64_random,new,79343.8,79184.4,82306.2,173974.3,1613233.6,1,0,1,1024,1024
2,new-first,deadsync_gameplay,message_times_64_random,old,80384.4,79862.5,83768.8,175716.6,1592349.3,1,0,1,1024,1024
2,new-first,deadsync_gameplay,message_times_64_fractional,new,37559.4,37250.0,37718.8,82360.5,13631749.7,1,0,1,4096,4096
2,new-first,deadsync_gameplay,message_times_64_fractional,old,327287.5,326234.4,337334.4,717641.6,1564373.8,1,0,1,4096,4096
2,new-first,deadsync_gameplay,message_times_64_pauses,new,402734.4,402118.8,415390.6,882877.0,1271309.4,1,0,1,4096,4096
2,new-first,deadsync_gameplay,message_times_64_pauses,old,403112.5,401040.6,406518.8,883720.7,1270116.9,1,0,1,4096,4096
2,new-first,deadsync_gameplay,message_times_64_subrow,new,323656.2,320384.4,329578.1,709348.6,1581925.3,1,0,1,4096,4096
2,new-first,deadsync_gameplay,message_times_64_subrow,old,323537.5,320506.2,346737.5,709177.1,1582505.9,1,0,1,4096,4096
3,old-first,deadsync_gameplay,group_wide_8_shuffled,old,225.0,212.5,328.1,1982.4,35555555.6,1,0,1,256,256
3,old-first,deadsync_gameplay,group_wide_8_shuffled,new,221.9,212.5,231.2,1989.2,36056338.0,1,0,1,256,256
3,old-first,deadsync_gameplay,group_wide_64_shuffled,old,46859.4,45881.2,48571.9,105545.1,1365788.6,2,0,2,69888,69888
3,old-first,deadsync_gameplay,group_wide_64_shuffled,new,6443.8,6415.6,6484.4,15810.9,9932104.8,2,0,2,768,768
3,old-first,deadsync_gameplay,group_wide_1024_shuffled,old,1698106.2,1688725.0,1717528.1,3723810.6,603024.7,2,0,2,1114368,1114368
3,old-first,deadsync_gameplay,group_wide_1024_shuffled,new,214565.6,212765.6,217243.8,473098.0,4772432.7,2,0,2,8448,8448
3,old-first,deadsync_gameplay,group_wide_8192_shuffled,old,16589887.5,16367662.5,16753712.5,36336880.6,493794.8,2,0,2,7999232,7999232
3,old-first,deadsync_gameplay,group_wide_8192_shuffled,new,2505050.0,2462512.5,2568900.0,5495292.1,3270194.2,2,0,2,65792,65792
3,old-first,deadsync_gameplay,group_wide_1024_ties,old,1257593.8,1241228.1,1341115.6,2757887.2,814253.4,2,0,2,1114368,1114368
3,old-first,deadsync_gameplay,group_wide_1024_ties,new,241453.1,238196.9,258746.9,532218.8,4240988.8,2,0,2,8448,8448
3,old-first,deadsync_gameplay,group_wide_1024_sorted,old,34553.1,33625.0,37384.4,79068.0,29635525.0,2,0,2,1114368,1114368
3,old-first,deadsync_gameplay,group_wide_1024_sorted,new,12337.5,11656.2,13465.6,29543.3,82998986.8,1,0,1,256,256
3,old-first,deadsync_gameplay,group_small_1024_shuffled,old,107834.4,103996.9,113834.4,238431.8,9496044.3,2,0,2,65792,65792
3,old-first,deadsync_gameplay,group_small_1024_shuffled,new,108871.9,107193.8,116837.5,240537.8,9405551.3,2,0,2,65792,65792
3,old-first,deadsync_gameplay,ease_0_valid,old,35.9,35.9,70.3,102.9,27826087.0,0,0,0,0,0
3,old-first,deadsync_gameplay,ease_0_valid,new,35.9,35.9,39.1,102.9,27826087.0,0,0,0,0,0
3,old-first,deadsync_gameplay,ease_1_valid,old,151.6,145.3,354.7,353.2,6597938.1,1,0,1,128,128
3,old-first,deadsync_gameplay,ease_1_valid,new,148.4,148.4,329.7,349.8,6736842.1,1,0,1,128,128
3,old-first,deadsync_gameplay,ease_1024_wrong_player,old,2446.9,2423.4,2665.6,5398.3,418492975.7,1,0,1,131072,131072
3,old-first,deadsync_gameplay,ease_1024_wrong_player,new,1092.2,1085.9,1265.6,2424.8,937567954.2,0,0,0,0,0
3,old-first,deadsync_gameplay,ease_1024_unsupported,old,111115.6,94385.9,112237.5,243332.9,9215625.6,1,0,1,131072,131072
3,old-first,deadsync_gameplay,ease_1024_unsupported,new,104126.6,101387.5,108637.5,228355.5,9834186.2,0,0,0,0,0
3,old-first,deadsync_gameplay,ease_1024_ignored,old,26037.5,25514.1,28732.8,57107.7,39327892.5,1,0,1,131072,131072
3,old-first,deadsync_gameplay,ease_1024_ignored,new,12090.6,11950.0,12271.9,26477.2,84693719.3,0,0,0,0,0
3,old-first,deadsync_gameplay,ease_1024_valid,old,55943.8,54917.2,59301.6,122669.6,18304100.1,2,0,2,139264,139264
3,old-first,deadsync_gameplay,ease_1024_valid,new,45042.2,43482.8,47523.4,98816.2,22734242.2,2,0,2,139264,139264
3,old-first,deadsync_gameplay,ease_1024_alias,old,310135.9,296525.0,321485.9,679698.9,3301778.0,2,0,2,147456,147456
3,old-first,deadsync_gameplay,ease_1024_alias,new,285709.4,277726.6,329750.0,626103.2,3584061.6,2,0,2,147456,147456
3,old-first,deadsync_gameplay,ease_1024_mixed,old,78034.4,73432.8,80746.9,170757.3,13122422.0,2,0,2,136528,136528
3,old-first,deadsync_gameplay,ease_1024_mixed,new,63893.8,62807.8,70046.9,140109.6,16026606.7,2,0,2,136528,136528
3,old-first,deadsync_gameplay,message_times_1_forward,old,6606.2,6603.1,7075.0,14548.7,19375591.3,1,0,1,1024,1024
3,old-first,deadsync_gameplay,message_times_1_forward,new,6631.2,6628.1,6659.4,14603.6,19302544.8,1,0,1,1024,1024
3,old-first,deadsync_gameplay,message_times_64_forward,old,328859.4,320268.8,336215.6,719472.9,1556896.5,1,0,1,4096,4096
3,old-first,deadsync_gameplay,message_times_64_forward,new,38050.0,37771.9,43893.8,83451.2,13455979.0,1,0,1,4096,4096
3,old-first,deadsync_gameplay,message_times_1024_forward,old,19328050.0,18843700.0,19955700.0,42344678.2,105960.0,1,0,1,16384,16384
3,old-first,deadsync_gameplay,message_times_1024_forward,new,213200.0,198500.0,242175.0,468413.0,9606003.8,1,0,1,16384,16384
3,old-first,deadsync_gameplay,message_times_64_rewind,old,84921.9,80937.5,91371.9,186334.9,1507267.7,1,0,1,1024,1024
3,old-first,deadsync_gameplay,message_times_64_rewind,new,84112.5,81421.9,96656.2,184524.1,1521771.4,1,0,1,1024,1024
3,old-first,deadsync_gameplay,message_times_64_random,old,81265.6,79837.5,86837.5,177849.9,1575081.7,1,0,1,1024,1024
3,old-first,deadsync_gameplay,message_times_64_random,new,80181.2,79200.0,88615.6,175840.1,1596383.2,1,0,1,1024,1024
3,old-first,deadsync_gameplay,message_times_64_fractional,old,338803.1,324643.8,358656.2,742692.0,1511202.1,1,0,1,4096,4096
3,old-first,deadsync_gameplay,message_times_64_fractional,new,38584.4,37475.0,42887.5,84610.4,13269620.2,1,0,1,4096,4096
3,old-first,deadsync_gameplay,message_times_64_pauses,old,414453.1,407200.0,453478.1,908496.8,1235362.9,1,0,1,4096,4096
3,old-first,deadsync_gameplay,message_times_64_pauses,new,413671.9,405493.8,432140.6,906301.8,1237695.9,1,0,1,4096,4096
3,old-first,deadsync_gameplay,message_times_64_subrow,old,326356.2,319846.9,337878.1,715474.0,1568837.7,1,0,1,4096,4096
3,old-first,deadsync_gameplay,message_times_64_subrow,new,328443.8,319984.4,341737.5,719912.0,1558866.6,1,0,1,4096,4096
4,new-first,deadsync_gameplay,group_wide_8_shuffled,new,259.4,246.9,312.5,2085.2,30843373.5,1,0,1,256,256
4,new-first,deadsync_gameplay,group_wide_8_shuffled,old,240.6,231.2,256.2,2050.9,33246753.2,1,0,1,256,256
4,new-first,deadsync_gameplay,group_wide_64_shuffled,new,7246.9,6734.4,10287.5,17525.7,8831392.8,2,0,2,768,768
4,new-first,deadsync_gameplay,group_wide_64_shuffled,old,15693.8,14471.9,22562.5,36142.1,4078056.6,2,0,2,69888,69888
4,new-first,deadsync_gameplay,group_wide_1024_shuffled,new,210403.1,208231.2,226812.5,463227.3,4866847.9,2,0,2,8448,8448
4,new-first,deadsync_gameplay,group_wide_1024_shuffled,old,1739303.1,1720584.4,1755725.0,3813695.9,588741.5,2,0,2,1114368,1114368
4,new-first,deadsync_gameplay,group_wide_8192_shuffled,new,2552800.0,2513637.5,2745450.0,5599856.4,3209025.4,2,0,2,65792,65792
4,new-first,deadsync_gameplay,group_wide_8192_shuffled,old,17386400.0,16969862.5,17538912.5,38085335.2,471172.9,2,0,2,7999232,7999232
4,new-first,deadsync_gameplay,group_wide_1024_ties,new,247325.0,243681.2,253881.2,545862.2,4140301.2,2,0,2,8448,8448
4,new-first,deadsync_gameplay,group_wide_1024_ties,old,1370206.2,1287028.1,1395028.1,3006807.1,747332.7,2,0,2,1114368,1114368
4,new-first,deadsync_gameplay,group_wide_1024_sorted,new,12500.0,11650.0,13675.0,30270.4,81920000.0,1,0,1,256,256
4,new-first,deadsync_gameplay,group_wide_1024_sorted,old,34306.2,33828.1,38228.1,78231.1,29848788.5,2,0,2,1114368,1114368
4,new-first,deadsync_gameplay,group_small_1024_shuffled,new,110840.6,109662.5,112512.5,244941.4,9238489.9,2,0,2,65792,65792
4,new-first,deadsync_gameplay,group_small_1024_shuffled,old,109671.9,108418.8,110918.8,242314.2,9336942.6,2,0,2,65792,65792
4,new-first,deadsync_gameplay,ease_0_valid,new,35.9,34.4,78.1,102.9,27826087.0,0,0,0,0,0
4,new-first,deadsync_gameplay,ease_0_valid,old,37.5,35.9,40.6,106.3,26666666.7,0,0,0,0,0
4,new-first,deadsync_gameplay,ease_1_valid,new,298.4,298.4,304.7,679.1,3350785.3,1,0,1,128,128
4,new-first,deadsync_gameplay,ease_1_valid,old,300.0,296.9,303.1,682.5,3333333.3,1,0,1,128,128
4,new-first,deadsync_gameplay,ease_1024_wrong_player,new,1107.8,1092.2,1317.2,2455.7,924344146.7,0,0,0,0,0
4,new-first,deadsync_gameplay,ease_1024_wrong_player,old,3395.3,2881.2,4559.4,7483.6,301592268.8,1,0,1,131072,131072
4,new-first,deadsync_gameplay,ease_1024_unsupported,new,99510.9,99298.4,100417.2,218244.8,10290326.1,0,0,0,0,0
4,new-first,deadsync_gameplay,ease_1024_unsupported,old,105425.0,105178.1,106831.2,230920.9,9713066.2,1,0,1,131072,131072
4,new-first,deadsync_gameplay,ease_1024_ignored,new,11989.1,11943.8,12259.4,26346.9,85411182.1,0,0,0,0,0
4,new-first,deadsync_gameplay,ease_1024_ignored,old,25637.5,25435.9,26303.1,56229.7,39941492.0,1,0,1,131072,131072
4,new-first,deadsync_gameplay,ease_1024_valid,new,41904.7,41325.0,42801.6,91891.6,24436407.0,2,0,2,139264,139264
4,new-first,deadsync_gameplay,ease_1024_valid,old,57490.6,57053.1,74887.5,126051.3,17811599.7,2,0,2,139264,139264
4,new-first,deadsync_gameplay,ease_1024_alias,new,280051.6,277907.8,288890.6,613728.9,3656469.5,2,0,2,147456,147456
4,new-first,deadsync_gameplay,ease_1024_alias,old,281709.4,278600.0,286254.7,617234.0,3634951.8,2,0,2,147456,147456
4,new-first,deadsync_gameplay,ease_1024_mixed,new,67345.3,63626.6,74698.4,147116.5,15205215.7,2,0,2,136528,136528
4,new-first,deadsync_gameplay,ease_1024_mixed,old,74654.7,74123.4,76189.1,163637.2,13716486.3,2,0,2,136528,136528
4,new-first,deadsync_gameplay,message_times_1_forward,new,6912.5,6856.2,9821.9,15220.9,18517179.0,1,0,1,1024,1024
4,new-first,deadsync_gameplay,message_times_1_forward,old,7309.4,7303.1,7528.1,16092.1,17511757.2,1,0,1,1024,1024
4,new-first,deadsync_gameplay,message_times_64_forward,new,37759.4,37578.1,37884.4,82785.8,13559546.5,1,0,1,4096,4096
4,new-first,deadsync_gameplay,message_times_64_forward,old,322559.4,320675.0,336543.8,707064.3,1587304.7,1,0,1,4096,4096
4,new-first,deadsync_gameplay,message_times_1024_forward,new,201700.0,199600.0,208750.0,442182.8,10153693.6,1,0,1,16384,16384
4,new-first,deadsync_gameplay,message_times_1024_forward,old,19220575.0,18827500.0,19687000.0,42135219.5,106552.5,1,0,1,16384,16384
4,new-first,deadsync_gameplay,message_times_64_rewind,new,81481.2,81400.0,83787.5,178782.8,1570913.6,1,0,1,1024,1024
4,new-first,deadsync_gameplay,message_times_64_rewind,old,83137.5,81043.8,87521.9,182294.8,1539618.1,1,0,1,1024,1024
4,new-first,deadsync_gameplay,message_times_64_random,new,80596.9,79731.2,89500.0,176821.0,1588150.9,1,0,1,1024,1024
4,new-first,deadsync_gameplay,message_times_64_random,old,86956.2,86746.9,104840.6,190416.2,1472004.6,1,0,1,1024,1024
4,new-first,deadsync_gameplay,message_times_64_fractional,new,37050.0,36990.6,38137.5,81372.8,13819163.3,1,0,1,4096,4096
4,new-first,deadsync_gameplay,message_times_64_fractional,old,328962.5,324693.8,330737.5,721249.6,1556408.4,1,0,1,4096,4096
4,new-first,deadsync_gameplay,message_times_64_pauses,new,415200.0,396496.9,417259.4,910300.8,1233140.7,1,0,1,4096,4096
4,new-first,deadsync_gameplay,message_times_64_pauses,old,417212.5,404112.5,423415.6,914018.6,1227192.4,1,0,1,4096,4096
4,new-first,deadsync_gameplay,message_times_64_subrow,new,322359.4,320368.8,331284.4,706378.4,1588289.5,1,0,1,4096,4096
4,new-first,deadsync_gameplay,message_times_64_subrow,old,324090.6,322681.2,334921.9,710384.3,1579805.0,1,0,1,4096,4096
5,old-first,deadsync_gameplay,group_wide_8_shuffled,old,281.2,265.6,387.5,2202.0,28444444.4,1,0,1,256,256
5,old-first,deadsync_gameplay,group_wide_8_shuffled,new,287.5,259.4,315.6,2236.2,27826087.0,1,0,1,256,256
5,old-first,deadsync_gameplay,group_wide_64_shuffled,old,16106.2,15778.1,16628.1,37225.8,3973612.7,2,0,2,69888,69888
5,old-first,deadsync_gameplay,group_wide_64_shuffled,new,7850.0,7409.4,8031.2,18739.8,8152866.2,2,0,2,768,768
5,old-first,deadsync_gameplay,group_wide_1024_shuffled,old,1769384.4,1648996.9,1937753.1,3878201.5,578732.4,2,0,2,1114368,1114368
5,old-first,deadsync_gameplay,group_wide_1024_shuffled,new,207968.8,203968.8,227618.8,459646.8,4923816.7,2,0,2,8448,8448
5,old-first,deadsync_gameplay,group_wide_8192_shuffled,old,17711562.5,17353625.0,17886350.0,38774181.1,462522.7,2,0,2,7999232,7999232
5,old-first,deadsync_gameplay,group_wide_8192_shuffled,new,2578975.0,2471725.0,2609062.5,5650862.6,3176455.8,2,0,2,65792,65792
5,old-first,deadsync_gameplay,group_wide_1024_ties,old,1292696.9,1288106.2,1297684.4,2837147.4,792142.4,2,0,2,1114368,1114368
5,old-first,deadsync_gameplay,group_wide_1024_ties,new,247787.5,240412.5,258096.9,545532.9,4132573.3,2,0,2,8448,8448
5,old-first,deadsync_gameplay,group_wide_1024_sorted,old,32762.5,31978.1,34696.9,74842.8,31255246.1,2,0,2,1114368,1114368
5,old-first,deadsync_gameplay,group_wide_1024_sorted,new,12593.8,11915.6,13790.6,31182.7,81310173.7,1,0,1,256,256
5,old-first,deadsync_gameplay,group_small_1024_shuffled,old,112746.9,105687.5,119028.1,248940.4,9082291.6,2,0,2,65792,65792
5,old-first,deadsync_gameplay,group_small_1024_shuffled,new,111425.0,105840.6,133868.8,245545.1,9190038.1,2,0,2,65792,65792
5,old-first,deadsync_gameplay,ease_0_valid,old,35.9,34.4,70.3,102.9,27826087.0,0,0,0,0,0
5,old-first,deadsync_gameplay,ease_0_valid,new,34.4,34.4,37.5,99.5,29090909.1,0,0,0,0,0
5,old-first,deadsync_gameplay,ease_1_valid,old,276.6,275.0,528.1,627.6,3615819.2,1,0,1,128,128
5,old-first,deadsync_gameplay,ease_1_valid,new,276.6,275.0,281.2,631.1,3615819.2,1,0,1,128,128
5,old-first,deadsync_gameplay,ease_1024_wrong_player,old,4618.8,3809.4,5570.3,10179.3,221705006.8,1,0,1,131072,131072
5,old-first,deadsync_gameplay,ease_1024_wrong_player,new,2443.8,2032.8,2996.9,5391.5,419028133.0,0,0,0,0,0
5,old-first,deadsync_gameplay,ease_1024_unsupported,old,108646.9,98696.9,112670.3,238047.8,9425029.5,1,0,1,131072,131072
5,old-first,deadsync_gameplay,ease_1024_unsupported,new,108329.7,100429.7,112678.1,237461.3,9452625.8,0,0,0,0,0
5,old-first,deadsync_gameplay,ease_1024_ignored,old,27225.0,25592.2,29934.4,59529.1,37612488.5,1,0,1,131072,131072
5,old-first,deadsync_gameplay,ease_1024_ignored,new,12451.6,11796.9,14328.1,27362.0,82238674.9,0,0,0,0,0
5,old-first,deadsync_gameplay,ease_1024_valid,old,58881.2,56681.2,63243.8,129107.2,17390935.1,2,0,2,139264,139264
5,old-first,deadsync_gameplay,ease_1024_valid,new,41982.8,38459.4,43596.9,92100.8,24390933.8,2,0,2,139264,139264
5,old-first,deadsync_gameplay,ease_1024_alias,old,297881.2,277242.2,319331.2,650505.5,3437611.5,2,0,2,147456,147456
5,old-first,deadsync_gameplay,ease_1024_alias,new,301237.5,274832.8,310734.4,659755.3,3399311.2,2,0,2,147456,147456
5,old-first,deadsync_gameplay,ease_1024_mixed,old,80765.6,76689.1,92951.6,177136.5,12678661.2,2,0,2,136528,136528
5,old-first,deadsync_gameplay,ease_1024_mixed,new,69521.9,65756.2,79762.5,152161.5,14729177.0,2,0,2,136528,136528
5,old-first,deadsync_gameplay,message_times_1_forward,old,6618.8,6418.8,7062.5,14576.2,19338999.1,1,0,1,1024,1024
5,old-first,deadsync_gameplay,message_times_1_forward,new,6640.6,6634.4,6678.1,14624.2,19275294.1,1,0,1,1024,1024
5,old-first,deadsync_gameplay,message_times_64_forward,old,341359.4,324518.8,353650.0,748309.8,1499885.6,1,0,1,4096,4096
5,old-first,deadsync_gameplay,message_times_64_forward,new,42921.9,37390.6,44781.2,94131.2,11928649.4,1,0,1,4096,4096
5,old-first,deadsync_gameplay,message_times_1024_forward,old,19651275.0,19344550.0,20025100.0,43042523.0,104217.2,1,0,1,16384,16384
5,old-first,deadsync_gameplay,message_times_1024_forward,new,210325.0,176350.0,247225.0,460017.0,9737311.3,1,0,1,16384,16384
5,old-first,deadsync_gameplay,message_times_64_rewind,old,80762.5,72771.9,108537.5,176752.4,1584894.0,1,0,1,1024,1024
5,old-first,deadsync_gameplay,message_times_64_rewind,new,85956.2,81581.2,107456.2,188619.1,1489129.6,1,0,1,1024,1024
5,old-first,deadsync_gameplay,message_times_64_random,old,86440.6,83890.6,94606.2,189558.8,1480785.2,1,0,1,1024,1024
5,old-first,deadsync_gameplay,message_times_64_random,new,84362.5,76568.8,86771.9,184990.5,1517261.8,1,0,1,1024,1024
5,old-first,deadsync_gameplay,message_times_64_fractional,old,329821.9,319065.6,356021.9,723081.0,1552353.1,1,0,1,4096,4096
5,old-first,deadsync_gameplay,message_times_64_fractional,new,34671.9,32971.9,38509.4,75995.0,14767012.2,1,0,1,4096,4096
5,old-first,deadsync_gameplay,message_times_64_pauses,old,422209.4,415556.2,459175.0,925391.4,1212668.5,1,0,1,4096,4096
5,old-first,deadsync_gameplay,message_times_64_pauses,new,429278.1,411446.9,441462.5,941051.4,1192700.0,1,0,1,4096,4096
5,old-first,deadsync_gameplay,message_times_64_subrow,old,334162.5,327603.1,339040.6,732663.6,1532188.7,1,0,1,4096,4096
5,old-first,deadsync_gameplay,message_times_64_subrow,new,333506.2,322475.0,352137.5,730701.8,1535203.6,1,0,1,4096,4096
6,new-first,deadsync_gameplay,group_wide_8_shuffled,new,271.9,256.2,356.2,2119.5,29425287.4,1,0,1,256,256
6,new-first,deadsync_gameplay,group_wide_8_shuffled,old,253.1,228.1,275.0,2092.2,31604938.3,1,0,1,256,256
6,new-first,deadsync_gameplay,group_wide_64_shuffled,new,9125.0,8975.0,15143.8,21552.1,7013698.6,2,0,2,768,768
6,new-first,deadsync_gameplay,group_wide_64_shuffled,old,30381.2,27700.0,34943.8,68175.2,2106562.4,2,0,2,69888,69888
6,new-first,deadsync_gameplay,group_wide_1024_shuffled,new,225834.4,206659.4,233815.6,499602.6,4534296.4,2,0,2,8448,8448
6,new-first,deadsync_gameplay,group_wide_1024_shuffled,old,1787693.8,1771468.8,1840696.9,3918329.0,572805.0,2,0,2,1114368,1114368
6,new-first,deadsync_gameplay,group_wide_8192_shuffled,new,2520937.5,2461925.0,2669850.0,5518367.5,3249584.7,2,0,2,65792,65792
6,new-first,deadsync_gameplay,group_wide_8192_shuffled,old,17724337.5,17360050.0,18130387.5,38806803.9,462189.3,2,0,2,7999232,7999232
6,new-first,deadsync_gameplay,group_wide_1024_ties,new,234121.9,232315.6,236321.9,515914.1,4373790.4,2,0,2,8448,8448
6,new-first,deadsync_gameplay,group_wide_1024_ties,old,1248771.9,1242428.1,1257875.0,2739168.0,820005.7,2,0,2,1114368,1114368
6,new-first,deadsync_gameplay,group_wide_1024_sorted,new,11837.5,11450.0,12075.0,28823.2,86504751.8,1,0,1,256,256
6,new-first,deadsync_gameplay,group_wide_1024_sorted,old,35403.1,34321.9,38993.8,80830.9,28924000.4,2,0,2,1114368,1114368
6,new-first,deadsync_gameplay,group_small_1024_shuffled,new,110353.1,107312.5,110937.5,243761.7,9279302.2,2,0,2,65792,65792
6,new-first,deadsync_gameplay,group_small_1024_shuffled,old,109231.2,106487.5,112040.6,241456.8,9374606.6,2,0,2,65792,65792
6,new-first,deadsync_gameplay,ease_0_valid,new,35.9,35.9,76.6,102.9,27826087.0,0,0,0,0,0
6,new-first,deadsync_gameplay,ease_0_valid,old,37.5,35.9,40.6,106.3,26666666.7,0,0,0,0,0
6,new-first,deadsync_gameplay,ease_1_valid,new,292.2,290.6,296.9,665.4,3422459.9,1,0,1,128,128
6,new-first,deadsync_gameplay,ease_1_valid,old,289.1,287.5,295.3,658.5,3459459.5,1,0,1,128,128
6,new-first,deadsync_gameplay,ease_1024_wrong_player,new,1092.2,1087.5,1103.1,2421.4,937567954.2,0,0,0,0,0
6,new-first,deadsync_gameplay,ease_1024_wrong_player,old,3439.1,2785.9,3895.3,7473.3,297755565.7,1,0,1,131072,131072
6,new-first,deadsync_gameplay,ease_1024_unsupported,new,99770.3,99504.7,100379.7,218491.7,10263574.1,0,0,0,0,0
6,new-first,deadsync_gameplay,ease_1024_unsupported,old,110139.1,105246.9,116320.3,241141.3,9297337.2,1,0,1,131072,131072
6,new-first,deadsync_gameplay,ease_1024_ignored,new,11856.2,11837.5,12007.8,26058.8,86367949.4,0,0,0,0,0
6,new-first,deadsync_gameplay,ease_1024_ignored,old,25523.4,25385.9,25839.1,55979.4,40119987.8,1,0,1,131072,131072
6,new-first,deadsync_gameplay,ease_1024_valid,new,42917.2,41870.3,44192.2,94155.2,23859904.6,2,0,2,139264,139264
6,new-first,deadsync_gameplay,ease_1024_valid,old,57262.5,56335.9,58817.2,125554.0,17882558.4,2,0,2,139264,139264
6,new-first,deadsync_gameplay,ease_1024_alias,new,282046.9,279575.0,285818.8,617988.5,3630602.2,2,0,2,147456,147456
6,new-first,deadsync_gameplay,ease_1024_alias,old,284032.8,281803.1,291203.1,622296.2,3605217.3,2,0,2,147456,147456
6,new-first,deadsync_gameplay,ease_1024_mixed,new,66121.9,64714.1,75506.2,144952.3,15486554.2,2,0,2,136528,136528
6,new-first,deadsync_gameplay,ease_1024_mixed,old,74539.1,73909.4,75698.4,163328.6,13737763.3,2,0,2,136528,136528
6,new-first,deadsync_gameplay,message_times_1_forward,new,6634.4,6631.2,7190.6,14610.5,19293452.7,1,0,1,1024,1024
6,new-first,deadsync_gameplay,message_times_1_forward,old,6625.0,6609.4,6993.8,14589.9,19320754.7,1,0,1,1024,1024
6,new-first,deadsync_gameplay,message_times_64_forward,new,37550.0,37381.2,38978.1,82353.7,13635153.1,1,0,1,4096,4096
6,new-first,deadsync_gameplay,message_times_64_forward,old,321600.0,319206.2,329290.6,704217.7,1592039.8,1,0,1,4096,4096
6,new-first,deadsync_gameplay,message_times_1024_forward,new,201125.0,200400.0,206875.0,440975.5,10182722.2,1,0,1,16384,16384
6,new-first,deadsync_gameplay,message_times_1024_forward,old,18834000.0,18628825.0,19049700.0,41281694.0,108739.5,1,0,1,16384,16384
6,new-first,deadsync_gameplay,message_times_64_rewind,new,88484.4,88134.4,88993.8,194113.4,1446583.1,1,0,1,1024,1024
6,new-first,deadsync_gameplay,message_times_64_rewind,old,81140.6,80990.6,83621.9,177904.8,1577508.2,1,0,1,1024,1024
6,new-first,deadsync_gameplay,message_times_64_random,new,83906.2,83850.0,91565.6,184105.6,1525512.1,1,0,1,1024,1024
6,new-first,deadsync_gameplay,message_times_64_random,old,85093.8,84934.4,91231.2,186588.7,1504223.3,1,0,1,1024,1024
6,new-first,deadsync_gameplay,message_times_64_fractional,new,37050.0,36893.8,40521.9,81338.5,13819163.3,1,0,1,4096,4096
6,new-first,deadsync_gameplay,message_times_64_fractional,old,327250.0,325581.2,341615.6,717085.9,1564553.1,1,0,1,4096,4096
6,new-first,deadsync_gameplay,message_times_64_pauses,new,449515.6,424715.6,475468.8,985513.8,1139003.8,1,0,1,4096,4096
6,new-first,deadsync_gameplay,message_times_64_pauses,old,429846.9,408040.6,488571.9,941442.4,1191121.8,1,0,1,4096,4096
6,new-first,deadsync_gameplay,message_times_64_subrow,new,347912.5,320375.0,376350.0,762584.2,1471634.4,1,0,1,4096,4096
6,new-first,deadsync_gameplay,message_times_64_subrow,old,333259.4,313084.4,362137.5,730756.6,1536340.9,1,0,1,4096,4096
