run,order,case,geometries,version,median_ns,min_ns,max_ns,thread_cycles,units_per_second,allocs,reallocs,frees,allocated_bytes,freed_bytes
1,old-first,Stable,0,old,6.5,5.9,10.3,14.6,153984962.4,0,0,0,0,0
1,old-first,Stable,0,new,5.1,5.1,5.1,11.5,196923076.9,0,0,0,0,0
1,old-first,Stable,1,old,9.2,7.3,11.8,20.4,109226666.7,0,0,0,0,0
1,old-first,Stable,1,new,8.0,8.0,12.6,18.0,124498480.2,0,0,0,0,0
1,old-first,ChangeFirst,1,old,10.5,10.5,10.5,23.3,95255814.0,0,0,0,0,0
1,old-first,ChangeFirst,1,new,8.4,8.2,8.5,18.9,118381502.9,0,0,0,0,0
1,old-first,ChangeLast,1,old,13.9,11.1,25.2,31.2,71985940.2,0,0,0,0,0
1,old-first,ChangeLast,1,new,8.2,8.2,8.4,18.3,121904761.9,0,0,0,0,0
1,old-first,Mixed,1,old,16.4,16.3,29.5,36.2,61134328.4,0,0,0,0,0
1,old-first,Mixed,1,new,14.3,14.3,14.3,31.7,70017094.0,0,0,0,0,0
1,old-first,Misses,1,old,17.6,17.6,17.6,39.0,56809986.1,0,0,0,0,0
1,old-first,Misses,1,new,19.5,19.5,19.6,43.1,51264080.1,0,0,0,0,0
1,old-first,Stable,16,old,37.9,37.9,40.7,83.5,421724581.7,0,0,0,0,0
1,old-first,Stable,16,new,49.3,48.9,66.1,108.6,324275111.3,0,0,0,0,0
1,old-first,ChangeFirst,16,old,42.3,42.3,42.3,93.1,378383371.8,0,0,0,0,0
1,old-first,ChangeFirst,16,new,49.3,49.2,58.3,108.9,324435643.6,0,0,0,0,0
1,old-first,ChangeLast,16,old,74.1,71.8,84.0,160.9,216005273.6,0,0,0,0,0
1,old-first,ChangeLast,16,new,50.9,45.7,80.4,112.0,314472168.9,0,0,0,0,0
1,old-first,Mixed,16,old,65.2,65.1,67.4,143.4,245545148.0,0,0,0,0,0
1,old-first,Mixed,16,new,89.8,77.8,113.3,195.2,178183795.5,0,0,0,0,0
1,old-first,Misses,16,old,165.8,155.1,194.2,364.2,96518409.4,0,0,0,0,0
1,old-first,Misses,16,new,160.9,155.9,197.2,352.8,99432559.6,0,0,0,0,0
1,old-first,Stable,64,old,146.4,145.5,182.0,320.7,437052350.8,0,0,0,0,0
1,old-first,Stable,64,new,153.8,149.5,177.9,337.7,416233725.0,0,0,0,0,0
1,old-first,ChangeFirst,64,old,155.3,153.1,175.7,339.2,411981769.6,0,0,0,0,0
1,old-first,ChangeFirst,64,new,158.0,153.7,207.0,347.3,404980689.0,0,0,0,0,0
1,old-first,ChangeLast,64,old,302.1,293.6,381.8,662.8,211816418.9,0,0,0,0,0
1,old-first,ChangeLast,64,new,164.4,155.2,237.6,361.5,389284229.3,0,0,0,0,0
1,old-first,Mixed,64,old,294.4,269.8,402.5,645.9,217384526.1,0,0,0,0,0
1,old-first,Mixed,64,new,284.1,270.1,436.9,613.8,225248324.5,0,0,0,0,0
1,old-first,Misses,64,old,866.0,772.8,1187.2,1899.4,73899585.6,0,0,0,0,0
1,old-first,Misses,64,new,890.9,837.8,988.2,1954.3,71836018.9,0,0,0,0,0
1,old-first,Stable,256,old,628.3,582.8,708.5,1378.4,407467164.1,0,0,0,0,0
1,old-first,Stable,256,new,602.7,566.1,628.7,1322.5,424748248.1,0,0,0,0,0
1,old-first,ChangeFirst,256,old,607.4,579.4,659.7,1331.6,421470316.3,0,0,0,0,0
1,old-first,ChangeFirst,256,new,655.7,605.5,732.1,1437.6,390414774.0,0,0,0,0,0
1,old-first,ChangeLast,256,old,1174.9,1157.2,1238.8,2576.8,217899505.4,0,0,0,0,0
1,old-first,ChangeLast,256,new,597.2,572.1,621.1,1310.5,428690106.3,0,0,0,0,0
1,old-first,Mixed,256,old,1112.6,1098.0,1251.0,2440.8,230087113.0,0,0,0,0,0
1,old-first,Mixed,256,new,1192.1,1131.1,1261.2,2614.5,214740118.8,0,0,0,0,0
1,old-first,Misses,256,old,3865.0,3563.6,4099.7,8472.2,66234776.9,0,0,0,0,0
1,old-first,Misses,256,new,3810.9,3721.6,4043.5,8351.3,67175071.8,0,0,0,0,0
2,new-first,Stable,0,new,6.8,6.5,10.5,15.3,147870036.1,0,0,0,0,0
2,new-first,Stable,0,old,6.1,5.9,10.2,13.7,164497992.0,0,0,0,0,0
2,new-first,Stable,1,new,9.8,9.8,9.8,21.9,102144638.4,0,0,0,0,0
2,new-first,Stable,1,old,12.4,8.5,17.5,27.7,80788954.6,0,0,0,0,0
2,new-first,ChangeFirst,1,new,9.6,9.3,17.7,21.4,103959390.9,0,0,0,0,0
2,new-first,ChangeFirst,1,old,12.0,12.0,12.1,26.7,83083164.3,0,0,0,0,0
2,new-first,ChangeLast,1,new,10.3,10.3,10.3,22.9,97523809.5,0,0,0,0,0
2,new-first,ChangeLast,1,old,11.7,11.6,11.7,26.0,85690376.6,0,0,0,0,0
2,new-first,Mixed,1,new,17.1,17.1,17.2,37.9,58430813.1,0,0,0,0,0
2,new-first,Mixed,1,old,18.3,18.3,22.8,40.6,54540612.5,0,0,0,0,0
2,new-first,Misses,1,new,19.9,16.9,32.7,44.2,50196078.4,0,0,0,0,0
2,new-first,Misses,1,old,18.9,18.8,18.9,41.7,52988357.1,0,0,0,0,0
2,new-first,Stable,16,new,62.9,53.1,88.6,134.1,254409937.9,0,0,0,0,0
2,new-first,Stable,16,old,43.7,41.1,52.0,96.2,366532438.5,0,0,0,0,0
2,new-first,ChangeFirst,16,new,48.4,48.4,53.5,106.5,330822816.8,0,0,0,0,0
2,new-first,ChangeFirst,16,old,46.0,46.0,46.0,101.3,347855626.3,0,0,0,0,0
2,new-first,ChangeLast,16,new,50.0,49.9,50.1,110.0,320156326.3,0,0,0,0,0
2,new-first,ChangeLast,16,old,84.2,71.9,106.8,185.1,190069605.6,0,0,0,0,0
2,new-first,Mixed,16,new,67.7,67.6,75.0,149.3,236250901.2,0,0,0,0,0
2,new-first,Mixed,16,old,75.5,70.1,114.9,166.1,211816418.9,0,0,0,0,0
2,new-first,Misses,16,new,150.9,148.8,169.2,329.4,106010999.7,0,0,0,0,0
2,new-first,Misses,16,old,167.5,158.8,195.7,362.5,95505683.5,0,0,0,0,0
2,new-first,Stable,64,new,159.0,148.3,323.3,347.6,402555282.6,0,0,0,0,0
2,new-first,Stable,64,old,190.4,168.7,216.8,417.3,336082051.3,0,0,0,0,0
2,new-first,ChangeFirst,64,new,202.5,177.7,250.5,444.8,316064625.0,0,0,0,0,0
2,new-first,ChangeFirst,64,old,172.3,161.8,222.0,378.6,371361382.6,0,0,0,0,0
2,new-first,ChangeLast,64,new,170.8,164.6,186.7,375.3,374705546.0,0,0,0,0,0
2,new-first,ChangeLast,64,old,296.3,294.9,342.3,648.6,215987476.3,0,0,0,0,0
2,new-first,Mixed,64,new,318.7,291.9,374.9,698.7,200799693.6,0,0,0,0,0
2,new-first,Mixed,64,old,289.9,270.8,362.5,637.1,220734254.0,0,0,0,0,0
2,new-first,Misses,64,new,750.2,734.8,797.5,1646.1,85308340.7,0,0,0,0,0
2,new-first,Misses,64,old,1015.0,788.5,1141.1,2224.5,63053277.2,0,0,0,0,0
2,new-first,Stable,256,new,771.6,652.9,800.7,1679.0,331764854.8,0,0,0,0,0
2,new-first,Stable,256,old,728.4,693.7,819.0,1596.8,351446574.6,0,0,0,0,0
2,new-first,ChangeFirst,256,new,736.5,637.8,807.4,1616.1,347590413.4,0,0,0,0,0
2,new-first,ChangeFirst,256,old,605.6,574.2,746.4,1328.4,422693594.5,0,0,0,0,0
2,new-first,ChangeLast,256,new,603.1,573.1,637.2,1323.1,424490324.7,0,0,0,0,0
2,new-first,ChangeLast,256,old,1213.2,1150.3,1300.0,2661.4,211010806.4,0,0,0,0,0
2,new-first,Mixed,256,new,1169.6,1117.4,1225.8,2564.8,218877408.3,0,0,0,0,0
2,new-first,Mixed,256,old,1127.0,1104.7,1153.4,2471.1,227146416.0,0,0,0,0,0
2,new-first,Misses,256,new,3383.2,3308.8,3477.9,7417.0,75667936.7,0,0,0,0,0
2,new-first,Misses,256,old,3491.8,3388.5,3822.0,7650.6,73315201.1,0,0,0,0,0
3,old-first,Stable,0,old,6.1,5.6,14.3,13.7,164497992.0,0,0,0,0,0
3,old-first,Stable,0,new,5.3,5.2,9.6,12.1,187031963.5,0,0,0,0,0
3,old-first,Stable,1,old,8.3,7.6,16.8,18.5,121183432.0,0,0,0,0,0
3,old-first,Stable,1,new,7.4,7.4,11.7,16.6,134736842.1,0,0,0,0,0
3,old-first,ChangeFirst,1,old,10.4,10.4,10.4,23.2,96150234.7,0,0,0,0,0
3,old-first,ChangeFirst,1,new,8.3,8.3,8.3,18.6,120117302.1,0,0,0,0,0
3,old-first,ChangeLast,1,old,10.4,10.4,10.4,23.2,96150234.7,0,0,0,0,0
3,old-first,ChangeLast,1,new,8.3,8.3,8.3,18.6,120117302.1,0,0,0,0,0
3,old-first,Mixed,1,old,16.4,16.4,21.6,36.2,61134328.4,0,0,0,0,0
3,old-first,Mixed,1,new,13.8,13.8,13.8,30.6,72624113.5,0,0,0,0,0
3,old-first,Misses,1,old,16.6,16.6,16.7,36.7,60324005.9,0,0,0,0,0
3,old-first,Misses,1,new,15.1,15.1,15.1,33.5,66171243.9,0,0,0,0,0
3,old-first,Stable,16,old,43.3,43.3,43.4,95.4,369425028.2,0,0,0,0,0
3,old-first,Stable,16,new,39.6,39.6,43.9,87.2,404293645.9,0,0,0,0,0
3,old-first,ChangeFirst,16,old,48.0,43.8,69.7,105.6,333516539.4,0,0,0,0,0
3,old-first,ChangeFirst,16,new,44.5,44.4,44.5,97.9,359890170.2,0,0,0,0,0
3,old-first,ChangeLast,16,old,74.2,71.8,82.0,160.9,215649884.8,0,0,0,0,0
3,old-first,ChangeLast,16,new,44.4,44.4,44.5,97.9,360087912.1,0,0,0,0,0
3,old-first,Mixed,16,old,65.3,65.3,77.1,143.7,244994392.5,0,0,0,0,0
3,old-first,Mixed,16,new,80.0,66.7,103.2,175.8,200109923.7,0,0,0,0,0
3,old-first,Misses,16,old,155.1,152.1,176.7,338.9,103157563.4,0,0,0,0,0
3,old-first,Misses,16,new,164.4,157.1,248.5,361.1,97349970.3,0,0,0,0,0
3,old-first,Stable,64,old,211.8,155.0,229.9,465.2,302218123.1,0,0,0,0,0
3,old-first,Stable,64,new,149.2,148.3,166.9,327.2,428970708.6,0,0,0,0,0
3,old-first,ChangeFirst,64,old,178.8,153.1,222.4,388.9,357924631.3,0,0,0,0,0
3,old-first,ChangeFirst,64,new,185.2,153.7,253.2,406.8,345608437.7,0,0,0,0,0
3,old-first,ChangeLast,64,old,369.9,329.7,417.2,806.9,173032343.2,0,0,0,0,0
3,old-first,ChangeLast,64,new,183.2,155.7,192.9,402.5,349339019.2,0,0,0,0,0
3,old-first,Mixed,64,old,273.3,263.1,323.7,600.7,234140764.6,0,0,0,0,0
3,old-first,Mixed,64,new,260.3,259.3,412.2,570.5,245913696.1,0,0,0,0,0
3,old-first,Misses,64,old,847.9,805.6,961.0,1860.0,75482737.8,0,0,0,0,0
3,old-first,Misses,64,new,867.9,747.6,1027.8,1903.0,73741596.1,0,0,0,0,0
3,old-first,Stable,256,old,586.8,562.3,645.6,1287.6,436288591.2,0,0,0,0,0
3,old-first,Stable,256,new,591.4,565.2,665.1,1296.6,432902320.2,0,0,0,0,0
3,old-first,ChangeFirst,256,old,604.0,583.0,643.7,1325.5,423838318.5,0,0,0,0,0
3,old-first,ChangeFirst,256,new,605.1,581.9,681.7,1327.8,423085861.8,0,0,0,0,0
3,old-first,ChangeLast,256,old,1206.9,1166.0,1279.4,2647.5,212116357.2,0,0,0,0,0
3,old-first,ChangeLast,256,new,606.9,574.1,634.4,1331.7,421843343.9,0,0,0,0,0
3,old-first,Mixed,256,old,1153.5,1113.2,1382.9,2525.0,221930240.4,0,0,0,0,0
3,old-first,Mixed,256,new,1181.4,1159.0,1428.5,2587.7,216697183.2,0,0,0,0,0
3,old-first,Misses,256,old,3419.7,3360.8,3600.3,7480.5,74859786.4,0,0,0,0,0
3,old-first,Misses,256,new,3431.6,3303.7,3641.5,7519.9,74601478.4,0,0,0,0,0
4,new-first,Stable,0,new,10.2,6.2,14.3,22.7,98461538.5,0,0,0,0,0
4,new-first,Stable,0,old,6.9,6.9,7.0,15.6,144734982.3,0,0,0,0,0
4,new-first,Stable,1,new,9.8,8.3,13.8,21.9,102144638.4,0,0,0,0,0
4,new-first,Stable,1,old,8.3,8.3,8.6,18.5,121183432.0,0,0,0,0,0
4,new-first,ChangeFirst,1,new,8.4,8.3,8.4,18.7,119416909.6,0,0,0,0,0
4,new-first,ChangeFirst,1,old,11.4,11.0,20.4,25.3,88086021.5,0,0,0,0,0
4,new-first,ChangeLast,1,new,8.9,8.8,18.6,19.8,112837465.6,0,0,0,0,0
4,new-first,ChangeLast,1,old,10.4,10.4,10.5,23.2,95700934.6,0,0,0,0,0
4,new-first,Mixed,1,new,19.8,15.0,47.3,43.8,50505548.7,0,0,0,0,0
4,new-first,Mixed,1,old,17.2,17.2,17.3,38.2,58016997.2,0,0,0,0,0
4,new-first,Misses,1,new,16.5,16.0,26.1,36.5,60591716.0,0,0,0,0,0
4,new-first,Misses,1,old,18.3,16.8,31.2,40.5,54759358.3,0,0,0,0,0
4,new-first,Stable,16,new,50.8,45.0,63.2,111.8,314925516.6,0,0,0,0,0
4,new-first,Stable,16,old,47.3,47.3,51.3,104.2,338163054.7,0,0,0,0,0
4,new-first,ChangeFirst,16,new,44.5,44.4,44.5,97.9,359890170.2,0,0,0,0,0
4,new-first,ChangeFirst,16,old,42.3,42.3,42.3,93.1,378383371.8,0,0,0,0,0
4,new-first,ChangeLast,16,new,61.3,49.9,73.1,134.9,260995619.3,0,0,0,0,0
4,new-first,ChangeLast,16,old,74.1,71.8,89.4,160.9,215791899.9,0,0,0,0,0
4,new-first,Mixed,16,new,67.0,66.7,68.9,147.4,238746812.4,0,0,0,0,0
4,new-first,Mixed,16,old,65.2,65.2,67.5,143.5,245361287.9,0,0,0,0,0
4,new-first,Misses,16,new,176.0,161.5,202.2,386.7,90908586.5,0,0,0,0,0
4,new-first,Misses,16,old,163.5,160.8,185.4,358.2,97844132.6,0,0,0,0,0
4,new-first,Stable,64,new,149.7,149.0,183.0,328.2,427501630.8,0,0,0,0,0
4,new-first,Stable,64,old,146.2,145.0,179.5,320.3,437709133.4,0,0,0,0,0
4,new-first,ChangeFirst,64,new,158.3,153.7,257.0,346.9,404418389.4,0,0,0,0,0
4,new-first,ChangeFirst,64,old,182.9,166.2,242.5,399.5,349851861.7,0,0,0,0,0
4,new-first,ChangeLast,64,new,158.1,155.7,186.4,345.1,404855598.5,0,0,0,0,0
4,new-first,ChangeLast,64,old,304.0,294.0,397.2,667.7,210506705.2,0,0,0,0,0
4,new-first,Mixed,64,new,297.9,268.3,339.1,653.5,214819306.7,0,0,0,0,0
4,new-first,Mixed,64,old,250.3,249.2,287.1,548.5,255725295.1,0,0,0,0,0
4,new-first,Misses,64,new,792.9,766.4,854.8,1739.2,80719300.4,0,0,0,0,0
4,new-first,Misses,64,old,801.0,792.2,836.9,1751.6,79897592.2,0,0,0,0,0
4,new-first,Stable,256,new,590.4,565.5,681.7,1295.6,433582533.9,0,0,0,0,0
4,new-first,Stable,256,old,583.0,562.8,625.7,1279.3,439120566.2,0,0,0,0,0
4,new-first,ChangeFirst,256,new,620.5,583.8,871.2,1328.5,412597780.8,0,0,0,0,0
4,new-first,ChangeFirst,256,old,609.3,569.4,713.5,1336.0,420153063.3,0,0,0,0,0
4,new-first,ChangeLast,256,new,606.4,571.9,694.1,1330.7,422132045.1,0,0,0,0,0
4,new-first,ChangeLast,256,old,1268.2,1167.5,1318.0,2753.5,201854967.6,0,0,0,0,0
4,new-first,Mixed,256,new,1169.9,1137.6,1462.2,2566.4,218813463.8,0,0,0,0,0
4,new-first,Mixed,256,old,1107.7,1091.3,1462.1,2413.7,231111502.9,0,0,0,0,0
4,new-first,Misses,256,new,3339.2,3289.7,3370.8,7274.2,76665423.7,0,0,0,0,0
4,new-first,Misses,256,old,3499.9,3431.8,3671.2,7612.8,73145408.3,0,0,0,0,0
5,old-first,Stable,0,old,10.4,6.4,17.1,23.3,96150234.7,0,0,0,0,0
5,old-first,Stable,0,new,14.4,5.2,20.5,32.3,69541595.9,0,0,0,0,0
5,old-first,Stable,1,old,7.4,7.3,7.4,16.5,135629139.1,0,0,0,0,0
5,old-first,Stable,1,new,7.6,7.6,7.6,17.0,131282051.3,0,0,0,0,0
5,old-first,ChangeFirst,1,old,10.7,10.7,10.7,23.8,93515981.7,0,0,0,0,0
5,old-first,ChangeFirst,1,new,8.3,8.3,8.3,18.6,120117302.1,0,0,0,0,0
5,old-first,ChangeLast,1,old,21.2,13.8,57.5,45.1,47243367.9,0,0,0,0,0
5,old-first,ChangeLast,1,new,12.3,8.3,17.1,27.3,81269841.3,0,0,0,0,0
5,old-first,Mixed,1,old,18.4,18.0,20.2,40.6,54395750.3,0,0,0,0,0
5,old-first,Mixed,1,new,14.7,14.7,16.6,32.6,67927031.5,0,0,0,0,0
5,old-first,Misses,1,old,16.7,16.7,16.9,37.0,59883040.9,0,0,0,0,0
5,old-first,Misses,1,new,15.1,15.1,15.1,33.5,66278317.2,0,0,0,0,0
5,old-first,Stable,16,old,48.5,43.2,68.7,106.9,329657947.7,0,0,0,0,0
5,old-first,Stable,16,new,49.5,48.7,49.5,108.9,323474827.2,0,0,0,0,0
5,old-first,ChangeFirst,16,old,42.3,42.3,42.3,93.1,378383371.8,0,0,0,0,0
5,old-first,ChangeFirst,16,new,44.4,44.4,44.5,97.9,360087912.1,0,0,0,0,0
5,old-first,ChangeLast,16,old,80.4,71.8,99.4,174.2,199016094.7,0,0,0,0,0
5,old-first,ChangeLast,16,new,44.5,44.4,51.2,97.9,359890170.2,0,0,0,0,0
5,old-first,Mixed,16,old,65.2,65.2,65.2,143.4,245545148.0,0,0,0,0,0
5,old-first,Mixed,16,new,67.1,67.0,97.1,147.8,238572988.7,0,0,0,0,0
5,old-first,Misses,16,old,158.7,157.2,181.0,348.5,100824615.4,0,0,0,0,0
5,old-first,Misses,16,new,150.1,149.5,185.9,329.8,106597267.4,0,0,0,0,0
5,old-first,Stable,64,old,145.9,145.8,170.8,320.8,438734728.0,0,0,0,0,0
5,old-first,Stable,64,new,152.8,148.3,204.7,335.7,418827288.7,0,0,0,0,0
5,old-first,ChangeFirst,64,old,153.0,152.9,176.4,336.4,418426177.2,0,0,0,0,0
5,old-first,ChangeFirst,64,new,205.9,172.4,246.5,447.3,310891840.6,0,0,0,0,0
5,old-first,ChangeLast,64,old,310.3,293.2,410.5,672.0,206233970.6,0,0,0,0,0
5,old-first,ChangeLast,64,new,155.9,155.8,183.1,342.9,410497964.3,0,0,0,0,0
5,old-first,Mixed,64,old,292.2,280.8,305.8,640.7,219019132.8,0,0,0,0,0
5,old-first,Mixed,64,new,325.0,262.8,376.5,711.3,196893495.6,0,0,0,0,0
5,old-first,Misses,64,old,788.7,760.4,873.3,1721.6,81149083.7,0,0,0,0,0
5,old-first,Misses,64,new,820.9,816.4,1060.3,1800.0,77961040.9,0,0,0,0,0
5,old-first,Stable,256,old,589.3,561.7,669.7,1292.7,434426813.6,0,0,0,0,0
5,old-first,Stable,256,new,599.7,566.0,640.9,1315.2,426909860.8,0,0,0,0,0
5,old-first,ChangeFirst,256,old,612.0,596.3,630.4,1325.4,418292644.0,0,0,0,0,0
5,old-first,ChangeFirst,256,new,605.0,570.6,645.5,1327.4,423137080.8,0,0,0,0,0
5,old-first,ChangeLast,256,old,1306.3,1182.6,1384.8,2845.8,195973535.7,0,0,0,0,0
5,old-first,ChangeLast,256,new,608.0,573.0,757.1,1333.8,421081037.7,0,0,0,0,0
5,old-first,Mixed,256,old,1146.3,1132.0,1240.7,2514.1,223334114.3,0,0,0,0,0
5,old-first,Mixed,256,new,1356.1,1156.4,1502.6,2945.7,188779548.1,0,0,0,0,0
5,old-first,Misses,256,old,3538.3,3428.8,4228.9,7699.5,72352011.7,0,0,0,0,0
5,old-first,Misses,256,new,3456.9,3404.8,3510.6,7513.7,74054592.3,0,0,0,0,0
