run,order,workload,variant,median_ns,min_ns,max_ns,thread_cycles,units_per_second,allocs,reallocs,frees,allocated_bytes,freed_bytes
1,old-first,library_cmp_short,old,225756.2,214215.6,231204.7,494163.1,18139032.7,0,0,0,0,0
1,old-first,library_cmp_short,new,172579.7,168312.5,181700.0,378476.3,23728169.1,0,0,0,0,0
1,old-first,library_title_short,old,2617215.6,2584012.5,2650106.2,5737681.9,1565022.0,4,0,5,69680,102448
1,old-first,library_title_short,new,2034371.9,1992181.2,2065987.5,4460966.9,2013397.9,4,0,5,69680,102448
1,old-first,library_bpm_short,old,3017675.0,2989484.4,3034715.6,6616168.8,1357336.4,3,0,4,65584,98352
1,old-first,library_bpm_short,new,2512009.4,2456340.6,2550531.2,5507323.6,1630567.2,3,0,4,65584,98352
1,old-first,library_cmp_prefix,old,474754.7,465379.7,493040.6,1040474.6,8625507.3,0,0,0,0,0
1,old-first,library_cmp_prefix,new,221559.4,217664.1,226473.4,485650.6,18482630.2,0,0,0,0,0
1,old-first,library_title_prefix,old,5508568.8,5462656.2,5618125.0,12074194.2,743568.8,4,0,5,69680,102448
1,old-first,library_title_prefix,new,2394556.2,2378828.1,2424603.1,5249280.8,1710546.6,4,0,5,69680,102448
1,old-first,library_bpm_prefix,old,5833653.1,5780062.5,5951921.9,12786718.5,702132.9,3,0,4,65584,98352
1,old-first,library_bpm_prefix,new,2851984.4,2803084.4,2882200.0,6252965.2,1436193.0,3,0,4,65584,98352
1,old-first,library_cmp_diverse,old,100995.3,96807.8,104120.3,221341.7,40546436.3,0,0,0,0,0
1,old-first,library_cmp_diverse,new,105868.8,101112.5,112450.0,232025.2,38679969.3,0,0,0,0,0
1,old-first,library_title_diverse,old,1864484.4,1858584.4,1932831.2,4087247.7,2196854.0,28,0,29,38112,70880
1,old-first,library_title_diverse,new,1099181.2,1081628.1,1136431.2,2412833.2,3726410.0,28,0,29,38112,70880
1,old-first,library_bpm_diverse,old,2885196.9,2815978.1,2914821.9,6326559.3,1419660.5,3,0,4,65584,98352
1,old-first,library_bpm_diverse,new,2061262.5,2007256.2,2122362.5,4517501.9,1987131.7,3,0,4,65584,98352
1,old-first,library_cmp_case,old,480976.6,470954.7,497175.0,1053236.5,8513928.4,0,0,0,0,0
1,old-first,library_cmp_case,new,355675.0,338743.8,366168.8,779173.5,11513319.7,0,0,0,0,0
1,old-first,library_title_case,old,5598859.4,5512081.2,5730056.2,12261290.4,731577.6,4,0,5,69680,102448
1,old-first,library_title_case,new,3980968.8,3897793.8,4012053.1,8721715.7,1028895.3,4,0,5,69680,102448
1,old-first,library_bpm_case,old,5941700.0,5851518.8,5983821.9,13017406.3,689365.0,3,0,4,65584,98352
1,old-first,library_bpm_case,new,4382809.4,4343409.4,4406675.0,9593727.7,934560.4,3,0,4,65584,98352
1,old-first,matcher_spxed,old,1039081.2,1018496.9,1046159.4,2276959.2,3941943.9,0,0,0,0,0
1,old-first,matcher_spxed,new,466076.6,445025.0,492962.5,1020520.7,8788255.7,0,0,0,0,0
1,old-first,matcher_glxw,old,1095465.6,1064821.9,1107748.4,2401237.4,3739049.3,0,0,0,0,0
1,old-first,matcher_glxw,new,469770.3,463700.0,501192.2,1029647.1,8719154.6,0,0,0,0,0
1,old-first,matcher_zzzz,old,1165229.7,1139814.1,1196235.9,2552099.0,3515186.8,0,0,0,0,0
1,old-first,matcher_zzzz,new,457837.5,454403.1,475628.1,1002837.2,8946405.7,0,0,0,0,0
1,old-first,matcher_spe,old,863407.8,852406.2,892032.8,1891819.1,4743992.3,0,0,0,0,0
1,old-first,matcher_spe,new,395989.1,385148.4,413775.0,867909.9,10343720.0,0,0,0,0,0
1,old-first,matcher_perspextive,old,855512.5,833654.7,861567.2,1875243.4,4787773.4,0,0,0,0,0
1,old-first,matcher_perspextive,new,865354.7,832231.2,887551.6,1896195.3,4733319.2,0,0,0,0,0
1,old-first,actor_16_specific,old,1063.6,1019.8,1236.9,2333.0,940225.9,4,1,4,244,244
1,old-first,actor_16_specific,new,802.3,743.8,962.9,1755.8,1246348.6,2,0,2,148,148
1,old-first,actor_16_color,old,1298.7,1242.7,1535.2,2848.0,770011.7,5,2,5,316,316
1,old-first,actor_16_color,new,832.7,766.9,948.9,1826.0,1200891.3,2,0,2,148,148
1,old-first,actor_16_base,old,1558.6,1493.8,1683.6,3417.7,641614.1,6,3,6,388,388
1,old-first,actor_16_base,new,870.3,851.1,1058.5,1906.4,1148980.3,2,0,2,148,148
1,old-first,actor_16_miss,old,1337.7,1305.5,1434.8,2932.1,747568.0,4,3,4,240,240
1,old-first,actor_16_miss,new,704.8,684.6,748.7,1545.6,1418872.1,0,0,0,0,0
1,old-first,actor_256_specific,old,1168.2,1117.3,1389.4,2562.1,856044.1,4,1,4,244,244
1,old-first,actor_256_specific,new,980.5,892.2,1103.1,2150.8,1019844.1,2,0,2,148,148
1,old-first,actor_256_color,old,1587.1,1493.5,1804.3,3477.2,630066.6,5,2,5,316,316
1,old-first,actor_256_color,new,1190.5,1102.5,1272.0,2610.5,839981.1,2,0,2,148,148
1,old-first,actor_256_base,old,2016.5,1908.8,2149.7,4419.5,495913.8,6,3,6,388,388
1,old-first,actor_256_base,new,1474.8,1401.2,1631.4,3233.0,678055.9,2,0,2,148,148
1,old-first,actor_256_miss,old,1786.1,1681.0,1832.6,3909.1,559868.8,4,3,4,240,240
1,old-first,actor_256_miss,new,1306.2,1225.0,1402.3,2863.8,765578.9,0,0,0,0,0
1,old-first,actor_1024_specific,old,2110.3,1941.6,2190.6,4624.5,473871.1,4,1,4,244,244
1,old-first,actor_1024_specific,new,1734.6,1613.1,1844.7,3804.1,576511.7,2,0,2,148,148
1,old-first,actor_1024_color,old,3287.8,3157.8,3521.1,7206.1,304157.7,5,2,5,316,316
1,old-first,actor_1024_color,new,2634.7,2586.3,2765.6,5775.2,379547.4,2,0,2,148,148
1,old-first,actor_1024_base,old,5314.2,5244.9,5542.9,11647.5,188176.5,6,3,6,388,388
1,old-first,actor_1024_base,new,4342.3,4267.7,4535.4,9521.2,230294.8,2,0,2,148,148
1,old-first,actor_1024_miss,old,5006.7,4948.0,5234.2,10976.5,199730.8,4,3,4,240,240
1,old-first,actor_1024_miss,new,4072.7,3923.1,4147.7,8927.9,245535.6,0,0,0,0,0
2,new-first,library_cmp_short,new,170840.6,160081.2,182104.7,373513.5,23969708.6,0,0,0,0,0
2,new-first,library_cmp_short,old,222981.2,213815.6,228115.6,488785.3,18364772.8,0,0,0,0,0
2,new-first,library_title_short,new,2074471.9,2024671.9,2113818.8,4536502.6,1974478.4,4,0,5,69680,102448
2,new-first,library_title_short,old,2634284.4,2578853.1,2680403.1,5775031.2,1554881.5,4,0,5,69680,102448
2,new-first,library_bpm_short,new,2490640.6,2445875.0,2509350.0,5457716.7,1644556.8,3,0,4,65584,98352
2,new-first,library_bpm_short,old,3046121.9,2967906.2,3074481.2,6677073.4,1344660.6,3,0,4,65584,98352
2,new-first,library_cmp_prefix,new,224292.2,215325.0,226029.7,491385.0,18257434.8,0,0,0,0,0
2,new-first,library_cmp_prefix,old,471095.3,462729.7,480210.9,1033039.0,8692508.5,0,0,0,0,0
2,new-first,library_title_prefix,new,2429803.1,2388531.2,2494406.2,5328088.0,1685733.3,4,0,5,69680,102448
2,new-first,library_title_prefix,old,5507934.4,5431087.5,5582356.2,12070106.1,743654.5,4,0,5,69680,102448
2,new-first,library_bpm_prefix,new,2833662.5,2784653.1,2887171.9,6212460.7,1445479.1,3,0,4,65584,98352
2,new-first,library_bpm_prefix,old,5818487.5,5793587.5,5906356.2,12752030.8,703963.0,3,0,4,65584,98352
2,new-first,library_cmp_diverse,new,103760.9,101526.6,115242.2,227566.6,39465719.0,0,0,0,0,0
2,new-first,library_cmp_diverse,old,99864.1,97915.6,106400.0,219019.8,41005742.2,0,0,0,0,0
2,new-first,library_title_diverse,new,1102631.2,1078956.2,1129921.9,2419294.6,3714750.5,28,0,29,38112,70880
2,new-first,library_title_diverse,old,1843596.9,1798268.8,1899643.8,4042874.4,2221743.8,28,0,29,38112,70880
2,new-first,library_bpm_diverse,new,2053256.2,1981171.9,2104981.2,4501389.4,1994880.1,3,0,4,65584,98352
2,new-first,library_bpm_diverse,old,2869353.1,2840118.8,2920725.0,6286946.4,1427499.4,3,0,4,65584,98352
2,new-first,library_cmp_case,new,356995.3,350051.6,370757.8,782119.6,11470738.8,0,0,0,0,0
2,new-first,library_cmp_case,old,476653.1,468287.5,485940.6,1044751.4,8591153.2,0,0,0,0,0
2,new-first,library_title_case,new,3979825.0,3947768.8,4074737.5,8722477.4,1029191.0,4,0,5,69680,102448
2,new-first,library_title_case,old,5505490.6,5456809.4,5625484.4,12066120.8,743984.6,4,0,5,69680,102448
2,new-first,library_bpm_case,new,4291146.9,4271828.1,4375403.1,9405479.1,954523.4,3,0,4,65584,98352
2,new-first,library_bpm_case,old,5672400.0,5249246.9,6067156.2,12420551.5,722092.9,3,0,4,65584,98352
2,new-first,matcher_spxed,new,409895.3,396625.0,441501.6,879937.8,9992795.4,0,0,0,0,0
2,new-first,matcher_spxed,old,923603.1,866385.9,985659.4,2002278.9,4434805.3,0,0,0,0,0
2,new-first,matcher_glxw,new,451889.1,381526.6,470610.9,979244.4,9064171.6,0,0,0,0,0
2,new-first,matcher_glxw,old,915240.6,881162.5,1028595.3,1986001.7,4475325.8,0,0,0,0,0
2,new-first,matcher_zzzz,new,389462.5,375107.8,420015.6,846563.5,10517058.8,0,0,0,0,0
2,new-first,matcher_zzzz,old,1001871.9,963879.7,1037565.6,2154564.0,4088347.1,0,0,0,0,0
2,new-first,matcher_spe,new,359548.4,316187.5,430428.1,767759.5,11392067.3,0,0,0,0,0
2,new-first,matcher_spe,old,722320.3,690976.6,746389.1,1571815.5,5670614.4,0,0,0,0,0
2,new-first,matcher_perspextive,new,736020.3,681070.3,852123.4,1600569.9,5565063.8,0,0,0,0,0
2,new-first,matcher_perspextive,old,697329.7,687412.5,795595.3,1517592.2,5873835.7,0,0,0,0,0
2,new-first,actor_16_specific,new,817.1,780.9,926.3,1791.6,1223782.5,2,0,2,148,148
2,new-first,actor_16_specific,old,1116.1,1053.2,2217.6,2413.4,895946.8,4,1,4,244,244
2,new-first,actor_16_color,new,766.2,705.4,838.5,1649.9,1305165.2,2,0,2,148,148
2,new-first,actor_16_color,old,1368.2,1156.4,1479.8,2947.5,730906.5,5,2,5,316,316
2,new-first,actor_16_base,new,946.0,887.4,1091.4,2043.0,1057086.8,2,0,2,148,148
2,new-first,actor_16_base,old,1672.0,1607.9,1902.8,3649.1,598087.2,6,3,6,388,388
2,new-first,actor_16_miss,new,750.9,713.0,905.2,1614.7,1331816.0,0,0,0,0,0
2,new-first,actor_16_miss,old,1426.0,1375.3,1478.2,3102.2,701261.8,4,3,4,240,240
2,new-first,actor_256_specific,new,1042.9,854.0,1142.4,2256.4,958823.9,2,0,2,148,148
2,new-first,actor_256_specific,old,1683.3,1509.4,1806.9,3609.8,594088.1,4,1,4,244,244
2,new-first,actor_256_color,new,1243.2,1199.0,1298.1,2720.3,804399.1,2,0,2,148,148
2,new-first,actor_256_color,old,2455.2,2274.3,2546.7,5315.7,407306.9,5,2,5,316,316
2,new-first,actor_256_base,new,1343.3,1263.4,1406.8,2935.2,744456.6,2,0,2,148,148
2,new-first,actor_256_base,old,1718.4,1544.9,1956.2,3653.6,581925.6,6,3,6,388,388
2,new-first,actor_256_miss,new,1010.5,999.4,1069.6,2204.1,989587.1,0,0,0,0,0
2,new-first,actor_256_miss,old,2453.4,2264.0,2770.7,5284.3,407598.7,4,3,4,240,240
2,new-first,actor_1024_specific,new,1472.4,1381.1,2014.8,3176.3,679168.9,2,0,2,148,148
2,new-first,actor_1024_specific,old,1656.1,1627.7,1751.4,3622.8,603818.1,4,1,4,244,244
2,new-first,actor_1024_color,new,2280.5,2090.4,2569.3,4939.2,438496.9,2,0,2,148,148
2,new-first,actor_1024_color,old,3105.2,2822.2,3623.3,6675.6,322043.0,5,2,5,316,316
2,new-first,actor_1024_base,new,4236.2,3847.8,4497.1,9066.6,236060.3,2,0,2,148,148
2,new-first,actor_1024_base,old,4749.0,4446.4,4810.5,10134.9,210568.5,6,3,6,388,388
2,new-first,actor_1024_miss,new,3880.1,3592.8,4236.8,8283.9,257723.5,0,0,0,0,0
2,new-first,actor_1024_miss,old,4689.2,4516.5,5063.9,9952.6,213255.6,4,3,4,240,240
3,old-first,library_cmp_short,old,199537.5,193812.5,206093.8,436328.3,20522458.2,0,0,0,0,0
3,old-first,library_cmp_short,new,151254.7,148375.0,163868.8,320624.3,27073541.1,0,0,0,0,0
3,old-first,library_title_short,old,2366140.6,2207293.8,2716171.9,5134667.5,1731089.0,4,0,5,69680,102448
3,old-first,library_title_short,new,1761562.5,1694665.6,1923559.4,3817784.2,2325208.4,4,0,5,69680,102448
3,old-first,library_bpm_short,old,2666993.8,2565290.6,2771365.6,5774126.0,1535811.6,3,0,4,65584,98352
3,old-first,library_bpm_short,new,2186312.5,2070240.6,2428268.8,4740321.8,1873474.2,3,0,4,65584,98352
3,old-first,library_cmp_prefix,old,429921.9,402084.4,459395.3,931417.3,9524986.4,0,0,0,0,0
3,old-first,library_cmp_prefix,new,198153.1,186346.9,207106.2,430079.4,20665836.1,0,0,0,0,0
3,old-first,library_title_prefix,old,4645984.4,4555596.9,4842918.8,10077800.6,881621.6,4,0,5,69680,102448
3,old-first,library_title_prefix,new,2062625.0,1983512.5,2140796.9,4464445.1,1985819.0,4,0,5,69680,102448
3,old-first,library_bpm_prefix,old,5343753.1,5114525.0,5620231.2,11431710.8,766502.5,3,0,4,65584,98352
3,old-first,library_bpm_prefix,new,2536059.4,2445593.8,2691303.1,5488460.4,1615104.1,3,0,4,65584,98352
3,old-first,library_cmp_diverse,old,87010.9,85392.2,88239.1,190172.7,47063048.8,0,0,0,0,0
3,old-first,library_cmp_diverse,new,94765.6,90309.4,109598.4,204093.8,43211871.4,0,0,0,0,0
3,old-first,library_title_diverse,old,1604334.4,1562862.5,1788900.0,3471131.9,2553083.7,28,0,29,38112,70880
3,old-first,library_title_diverse,new,946334.4,931712.5,1007962.5,2053834.1,4328279.8,28,0,29,38112,70880
3,old-first,library_bpm_diverse,old,2431178.1,2316381.2,2531175.0,5260475.1,1684779.9,3,0,4,65584,98352
3,old-first,library_bpm_diverse,new,1754321.9,1681275.0,1819662.5,3797000.2,2334805.3,3,0,4,65584,98352
3,old-first,library_cmp_case,old,412929.7,396310.9,451704.7,897436.0,9916942.6,0,0,0,0,0
3,old-first,library_cmp_case,new,301760.9,293987.5,332948.4,657035.5,13570344.9,0,0,0,0,0
3,old-first,library_title_case,old,4783971.9,4705575.0,4807340.6,10346509.8,856192.3,4,0,5,69680,102448
3,old-first,library_title_case,new,3622912.5,3534000.0,3926318.8,7753762.0,1130582.1,4,0,5,69680,102448
3,old-first,library_bpm_case,old,5090800.0,5002871.9,5314462.5,11020670.0,804588.7,3,0,4,65584,98352
3,old-first,library_bpm_case,new,3730225.0,3593265.6,3848643.8,8087703.6,1098057.1,3,0,4,65584,98352
3,old-first,matcher_spxed,old,884379.7,850565.6,947557.8,1913906.2,4631494.9,0,0,0,0,0
3,old-first,matcher_spxed,new,480590.6,460470.3,491642.2,1043883.7,8522846.2,0,0,0,0,0
3,old-first,matcher_glxw,old,925970.3,882307.8,1027437.5,2006919.4,4423468.0,0,0,0,0,0
3,old-first,matcher_glxw,new,389062.5,375662.5,419018.8,846419.4,10527871.5,0,0,0,0,0
3,old-first,matcher_zzzz,old,971657.8,941757.8,1037609.4,2109082.9,4215475.8,0,0,0,0,0
3,old-first,matcher_zzzz,new,408818.8,376493.8,461239.1,878871.1,10019109.9,0,0,0,0,0
3,old-first,matcher_spe,old,759151.6,717429.7,797487.5,1624015.3,5395497.0,0,0,0,0,0
3,old-first,matcher_spe,new,382679.7,352675.0,424096.9,819719.3,10703468.6,0,0,0,0,0
3,old-first,matcher_perspextive,old,762184.4,736451.6,888301.6,1630765.0,5374027.8,0,0,0,0,0
3,old-first,matcher_perspextive,new,731898.4,689921.9,760518.8,1569960.0,5596404.9,0,0,0,0,0
3,old-first,actor_16_specific,old,864.6,829.4,892.6,1895.4,1156572.1,4,1,4,244,244
3,old-first,actor_16_specific,new,846.1,644.1,950.7,1856.1,1181936.2,2,0,2,148,148
3,old-first,actor_16_color,old,1125.4,1031.4,1397.4,2417.6,888599.6,5,2,5,316,316
3,old-first,actor_16_color,new,674.1,662.1,710.1,1454.1,1483520.5,2,0,2,148,148
3,old-first,actor_16_base,old,1293.9,1235.5,1335.2,2818.9,772859.4,6,3,6,388,388
3,old-first,actor_16_base,new,705.8,702.7,805.5,1547.6,1416810.8,2,0,2,148,148
3,old-first,actor_16_miss,old,1065.2,1060.8,1136.5,2336.0,938803.6,4,3,4,240,240
3,old-first,actor_16_miss,new,555.5,543.6,659.6,1196.1,1800043.9,0,0,0,0,0
3,old-first,actor_256_specific,old,935.6,919.4,1020.2,2050.9,1068837.7,4,1,4,244,244
3,old-first,actor_256_specific,new,825.1,764.6,1044.0,1760.8,1211977.7,2,0,2,148,148
3,old-first,actor_256_color,old,1240.6,1211.9,1379.2,2715.5,806029.5,5,2,5,316,316
3,old-first,actor_256_color,new,928.0,901.6,995.7,2034.9,1077554.5,2,0,2,148,148
3,old-first,actor_256_base,old,1712.3,1538.3,2200.0,3694.5,584008.2,6,3,6,388,388
3,old-first,actor_256_base,new,1253.4,1188.9,1409.8,2720.2,797834.0,2,0,2,148,148
3,old-first,actor_256_miss,old,1418.8,1358.0,1721.9,3091.6,704845.8,4,3,4,240,240
3,old-first,actor_256_miss,new,1034.9,986.0,1093.7,2253.1,966265.6,0,0,0,0,0
3,old-first,actor_1024_specific,old,1707.9,1693.0,1790.3,3715.5,585502.5,4,1,4,244,244
3,old-first,actor_1024_specific,new,1479.5,1372.9,1684.3,3183.4,675918.7,2,0,2,148,148
3,old-first,actor_1024_color,old,2968.2,2618.5,3462.5,6300.1,336903.1,5,2,5,316,316
3,old-first,actor_1024_color,new,2126.9,2059.8,2221.3,4630.6,470177.7,2,0,2,148,148
3,old-first,actor_1024_base,old,4279.0,4256.4,4502.0,9308.8,233700.6,6,3,6,388,388
3,old-first,actor_1024_base,new,3575.8,3514.2,4199.6,7765.3,279657.3,2,0,2,148,148
3,old-first,actor_1024_miss,old,4167.0,4050.4,5384.0,9083.3,239978.4,4,3,4,240,240
3,old-first,actor_1024_miss,new,3334.4,3257.3,3838.4,7251.0,299899.7,0,0,0,0,0
