"run","case","storage","variant","median_ns","min_ns","max_ns","thread_cycles","units_per_second","allocs","reallocs","frees","allocated_bytes","freed_bytes"
"1","empty","shared","before","7771.1","7680.5","7949.8","17029.4","32942699.3","0","0","0","0","0"
"1","empty","shared","after","7269.7","7167.4","7473.2","15928.6","35214825.1","0","0","0","0","0"
"1","empty","reusable","before","7645.2","7563","8021.2","16755","33484890.6","0","0","0","0","0"
"1","empty","reusable","after","7168.4","7095.1","7227.4","15707.1","35712191.2","0","0","0","0","0"
"1","triangle-runs","shared","before","12837.9","12700.1","13364.5","28145.9","19940970.6","0","0","0","0","0"
"1","triangle-runs","shared","after","10989.5","10883.1","11064.6","24089.1","23294933.4","0","0","0","0","0"
"1","triangle-runs","reusable","before","13059.4","12358.2","13093.2","28618.5","19602775.8","0","0","0","0","0"
"1","triangle-runs","reusable","after","10895.2","10567.2","10922.3","23876.5","23496501","0","0","0","0","0"
"1","triangle-runs-general","shared","before","12366.7","12104","12534.8","27100.9","20700713.3","0","0","0","0","0"
"1","triangle-runs-general","shared","after","10866.3","10500.4","10962.4","23816","23559085","0","0","0","0","0"
"1","triangle-runs-general","reusable","before","12503.8","12431.6","13018.2","27399.3","20473761.9","0","0","0","0","0"
"1","triangle-runs-general","reusable","after","11211.8","11034.8","11285.4","24567.7","22833078","0","0","0","0","0"
"1","triangle-groups","shared","before","9485","8828.4","10192.4","20786.3","26989991.1","0","0","0","0","0"
"1","triangle-groups","shared","after","9983","9244.2","10106.2","21880.9","25643668.1","0","0","0","0","0"
"1","triangle-groups","reusable","before","10373.7","10184.6","10641.5","22740.8","24677718.5","0","0","0","0","0"
"1","triangle-groups","reusable","after","10202.8","9987.2","10289.1","22352.4","25091222.8","0","0","0","0","0"
"1","triangle-one-run","shared","before","9987.3","9653.5","11138.7","21757","25632478.7","0","0","0","0","0"
"1","triangle-one-run","shared","after","8641.3","8460.7","9029.7","18845.7","29625184.5","0","0","0","0","0"
"1","triangle-one-run","reusable","before","9057.1","8872.7","9329.3","19761.7","28265104","0","0","0","0","0"
"1","triangle-one-run","reusable","after","9356.9","8772.1","10188.5","20434.2","27359390.5","0","0","0","0","0"
"1","large-runs","shared","before","114333","110655.9","129587.3","249667.1","2239073.4","0","0","0","0","0"
"1","large-runs","shared","after","112143.8","111241.4","127353.3","244908.8","2282784.4","0","0","0","0","0"
"1","large-runs","reusable","before","128418.4","126199.2","130925.8","280484.6","1993484.4","0","0","0","0","0"
"1","large-runs","reusable","after","124304.9","109331.6","126956.1","271633.4","2059452.5","0","0","0","0","0"
"2","empty","shared","after","6236","6084.7","6318.1","13670.9","41051966","0","0","0","0","0"
"2","empty","shared","before","6878.6","6728.8","7439.3","15077","37216671.6","0","0","0","0","0"
"2","empty","reusable","after","6330","6257.2","6498.7","13874.9","40442150.9","0","0","0","0","0"
"2","empty","reusable","before","7465.7","6529.2","7627.3","16362.2","34290049.6","0","0","0","0","0"
"2","triangle-runs","shared","after","10754.3","9825.9","11116","23571.2","23804357.6","0","0","0","0","0"
"2","triangle-runs","shared","before","12707.2","11932.4","12856.2","27853.8","20146016.8","0","0","0","0","0"
"2","triangle-runs","reusable","after","10814.5","10776.3","10915.9","23698.5","23671944.4","0","0","0","0","0"
"2","triangle-runs","reusable","before","12660.1","12418.5","12796.9","27747.8","20220997.5","0","0","0","0","0"
"2","triangle-runs-general","shared","after","11000.1","10677.4","11147.4","24103.7","23272572.3","0","0","0","0","0"
"2","triangle-runs-general","shared","before","12110.7","11909.3","12450.7","26538.3","21138322.5","0","0","0","0","0"
"2","triangle-runs-general","reusable","after","10633.8","10424.1","11061.7","23304.1","24074286.2","0","0","0","0","0"
"2","triangle-runs-general","reusable","before","11332.4","11190.1","11537.2","24841.4","22590003.4","0","0","0","0","0"
"2","triangle-groups","shared","after","9433.7","9052.9","10023.3","20682.2","27136849.4","0","0","0","0","0"
"2","triangle-groups","shared","before","10243.1","10108.1","10486.4","22452","24992486.1","0","0","0","0","0"
"2","triangle-groups","reusable","after","10303.8","10093.2","10407.3","22576.6","24845211.5","0","0","0","0","0"
"2","triangle-groups","reusable","before","10022.7","9980.5","10597.6","21956.8","25542037.8","0","0","0","0","0"
"2","triangle-one-run","shared","after","9682.2","9508.5","10199.6","21221.1","26440199.3","0","0","0","0","0"
"2","triangle-one-run","shared","before","9975.5","9830.6","10095.6","21857.2","25662967","0","0","0","0","0"
"2","triangle-one-run","reusable","after","10035.8","9855.3","10142.7","21996.5","25508794.8","0","0","0","0","0"
"2","triangle-one-run","reusable","before","10463.5","10335.9","10652.5","22928.6","24466055.7","0","0","0","0","0"
"2","large-runs","shared","after","123828.5","122908.6","125550.2","271387.3","2067375.2","0","0","0","0","0"
"2","large-runs","shared","before","122296.1","109779.3","125688.3","268022.8","2093280.3","0","0","0","0","0"
"2","large-runs","reusable","after","122489.5","110784","124068.8","268459.6","2089975.9","0","0","0","0","0"
"2","large-runs","reusable","before","125576.2","119116.6","130491.6","275096.1","2038603.3","0","0","0","0","0"
"3","empty","shared","before","7714.5","7655.7","7892","16907.5","33184465","0","0","0","0","0"
"3","empty","shared","after","7242.8","7174.1","7408.6","15874.1","35345218.7","0","0","0","0","0"
"3","empty","reusable","before","7678.1","7549.5","7822.1","16824.8","33341685.4","0","0","0","0","0"
"3","empty","reusable","after","7251.9","7167.9","7337.2","15891.6","35300953.7","0","0","0","0","0"
"3","triangle-runs","shared","before","12794.7","12031.8","13106","28028.2","20008243.1","0","0","0","0","0"
"3","triangle-runs","shared","after","10443.7","10292.5","10687","22887.9","24512325.4","0","0","0","0","0"
"3","triangle-runs","reusable","before","12951.5","12811.2","13304.4","28385.4","19766085.3","0","0","0","0","0"
"3","triangle-runs","reusable","after","10864.8","10805.3","11065","23811.1","23562261.3","0","0","0","0","0"
"3","triangle-runs-general","shared","before","13239.6","13058","13318.5","29016.1","19335985.7","0","0","0","0","0"
"3","triangle-runs-general","shared","after","10427.8","10305.9","11704","22862.1","24549858.2","0","0","0","0","0"
"3","triangle-runs-general","reusable","before","11135.7","10929.2","11672","24403.7","22989214.4","0","0","0","0","0"
"3","triangle-runs-general","reusable","after","11037.5","9725.1","11404","24187.2","23193606.7","0","0","0","0","0"
"3","triangle-groups","shared","before","10374.8","10095","10696.4","22712.3","24675250.4","0","0","0","0","0"
"3","triangle-groups","shared","after","9831.6","9805.7","10274.2","21546.3","26038412.9","0","0","0","0","0"
"3","triangle-groups","reusable","before","10330.7","10245.2","10473.6","22641.9","24780594.8","0","0","0","0","0"
"3","triangle-groups","reusable","after","10249.3","10025.7","10402.5","22468.1","24977275.5","0","0","0","0","0"
"3","triangle-one-run","shared","before","9988.9","9863.2","10033.3","21884.8","25628406.5","0","0","0","0","0"
"3","triangle-one-run","shared","after","9648.4","9611.3","9730.5","21152.1","26532760","0","0","0","0","0"
"3","triangle-one-run","reusable","before","10195.6","10098","10334.3","22352.9","25108827","0","0","0","0","0"
"3","triangle-one-run","reusable","after","9744","9256","10027.4","21356.8","26272659.6","0","0","0","0","0"
"3","large-runs","shared","before","116961.9","114264.3","123404.1","256244.8","2188746.7","0","0","0","0","0"
"3","large-runs","shared","after","116538.5","114935.7","121005.5","255384.4","2196699.4","0","0","0","0","0"
"3","large-runs","reusable","before","124780.3","117993.8","128266","273398.8","2051606.3","0","0","0","0","0"
"3","large-runs","reusable","after","126246.3","123091.8","128667","276671.2","2027782.4","0","0","0","0","0"
