round,order,workload,variant,units_per_op,ns,min,max,cycles,throughput,allocs,reallocs,frees,bytes,freed
1,original-first,media-roots/portable,original,1,663.9,633.1,735.8,1456.5,1506214.6,3,4,3,226,226
1,original-first,media-roots/portable,current,1,626.8,610.5,721.0,1373.9,1595512.6,3,4,3,226,226
1,original-first,media-roots/portable-cwd,original,1,1976.5,1923.9,2102.7,4335.2,505941.4,6,10,6,436,436
1,original-first,media-roots/portable-cwd,current,1,1711.2,1596.1,1876.3,3744.7,584374.8,5,9,5,357,357
1,original-first,media-roots/installed,original,1,873.7,807.0,932.3,1895.7,1144549.7,3,4,3,226,226
1,original-first,media-roots/installed,current,1,813.2,791.8,915.0,1783.4,1229660.8,3,4,3,226,226
1,original-first,media-roots/installed-cwd,original,1,2473.4,2311.5,3123.6,5413.2,404295.6,6,8,6,396,396
1,original-first,media-roots/installed-cwd,current,1,2431.1,2328.6,2739.6,5318.5,411331.7,5,8,5,373,373
1,original-first,media-roots/long-portable,original,1,1431.1,1397.2,1632.0,3139.3,698761.5,6,5,6,11357,11357
1,original-first,media-roots/long-portable,current,1,1247.1,1233.6,1327.1,2735.6,801879.4,5,4,5,9092,9092
1,original-first,metadata-timing/bounds-empty,original,1,8.7,8.4,9.6,19.0,115604163.0,0,0,0,0,0
1,original-first,metadata-timing/bounds-empty,current,1,9.0,8.4,12.2,19.7,111417885.1,0,0,0,0,0
1,original-first,metadata-timing/bounds-regular,original,1,1564.1,1553.1,2157.8,3443.4,639360.6,12,0,12,208,208
1,original-first,metadata-timing/bounds-regular,current,1,1330.5,1328.1,1517.2,2930.7,751614.8,9,0,9,176,176
1,original-first,metadata-timing/bounds-visual32,original,1,12504.7,11695.3,12907.8,27432.4,79970.0,20,0,20,5272,5272
1,original-first,metadata-timing/bounds-visual32,current,1,6085.9,6068.8,10741.4,13360.3,164313.2,12,0,12,1256,1256
1,original-first,metadata-timing/bounds-visual256,original,1,61487.5,58526.6,73525.8,134723.3,16263.5,20,0,20,35480,35480
1,original-first,metadata-timing/bounds-visual256,current,1,16799.2,16457.8,21677.3,36872.6,59526.6,12,0,12,4712,4712
1,original-first,metadata-timing/bounds-dense,original,1,70936.7,66889.8,79687.5,155399.1,14097.1,20,0,20,35480,35480
1,original-first,metadata-timing/bounds-dense,current,1,24811.7,24578.9,29180.5,54442.9,40303.5,12,0,12,4712,4712
1,original-first,title-search/plain-miss,original,1,116.9,111.0,126.9,256.3,8556507.2,0,0,0,0,0
1,original-first,title-search/plain-miss,current,1,90.4,86.1,99.3,198.2,11061301.6,0,0,0,0,0
1,original-first,title-search/plain-hit,original,1,105.9,102.9,111.9,232.2,9447311.5,0,0,0,0,0
1,original-first,title-search/plain-hit,current,1,69.1,67.8,72.3,150.9,14479893.9,0,0,0,0,0
1,original-first,title-search/blank-subtitle,original,1,118.4,115.9,123.8,259.6,8447973.6,0,0,0,0,0
1,original-first,title-search/blank-subtitle,current,1,94.6,92.5,101.7,207.6,10566062.1,0,0,0,0,0
1,original-first,title-search/subtitle-miss,original,1,163.7,158.0,169.1,358.7,6110354.9,0,0,0,0,0
1,original-first,title-search/subtitle-miss,current,1,112.0,105.8,119.8,245.4,8930192.0,0,0,0,0,0
1,original-first,title-search/subtitle-crossing,original,1,125.0,117.8,135.8,274.2,7997364.1,0,0,0,0,0
1,original-first,title-search/subtitle-crossing,current,1,100.5,96.0,111.5,219.0,9953222.8,0,0,0,0,0
1,original-first,title-search/catalog-plain-miss,original,1024,387170.3,333037.5,395825.0,848443.0,2644830.9,2,0,2,90203,90203
1,original-first,title-search/catalog-plain-miss,current,1024,253945.3,252550.0,256948.4,556624.6,4032364.3,2,0,2,90203,90203
1,original-first,title-search/catalog-plain-hit,original,1024,1239665.6,1185884.4,1340762.5,2716003.8,826029.2,6148,0,6148,352373,352373
1,original-first,title-search/catalog-plain-hit,current,1024,1176573.4,1117562.5,1212587.5,2577605.7,870323.9,6148,0,6148,352373,352373
1,original-first,title-search/catalog-subtitle-miss,original,1024,403689.1,392873.4,428071.9,884746.2,2536605.8,2,0,2,90203,90203
1,original-first,title-search/catalog-subtitle-miss,current,1024,300082.8,297759.4,303400.0,657333.9,3412391.4,2,0,2,90203,90203
2,current-first,media-roots/portable,current,1,652.6,607.1,720.7,1428.1,1532418.0,3,4,3,226,226
2,current-first,media-roots/portable,original,1,642.8,619.3,776.6,1410.2,1555580.9,3,4,3,226,226
2,current-first,media-roots/portable-cwd,current,1,1601.1,1503.8,1785.1,3512.3,624561.6,5,9,5,357,357
2,current-first,media-roots/portable-cwd,original,1,1960.2,1915.7,2162.1,4298.0,510157.1,6,10,6,436,436
2,current-first,media-roots/installed,current,1,805.6,777.5,878.7,1767.4,1241362.6,3,4,3,226,226
2,current-first,media-roots/installed,original,1,782.4,781.5,849.5,1716.0,1278043.0,3,4,3,226,226
2,current-first,media-roots/installed-cwd,current,1,2379.8,2250.8,3005.2,5219.3,420210.3,5,8,5,373,373
2,current-first,media-roots/installed-cwd,original,1,3221.3,2745.1,3338.5,7064.5,310432.4,6,8,6,396,396
2,current-first,media-roots/long-portable,current,1,1256.2,1243.6,1480.1,2755.1,796066.3,5,4,5,9092,9092
2,current-first,media-roots/long-portable,original,1,1439.5,1406.5,1620.3,3156.4,694708.3,6,5,6,11357,11357
2,current-first,metadata-timing/bounds-empty,current,1,9.8,8.6,21.9,21.5,102144638.4,0,0,0,0,0
2,current-first,metadata-timing/bounds-empty,original,1,19.3,8.4,21.0,42.3,51803019.5,0,0,0,0,0
2,current-first,metadata-timing/bounds-regular,current,1,1334.4,1332.0,1479.7,2937.5,749414.5,9,0,9,176,176
2,current-first,metadata-timing/bounds-regular,original,1,1577.3,1566.4,1866.4,3470.8,633977.2,12,0,12,208,208
2,current-first,metadata-timing/bounds-visual32,current,1,6419.5,6060.9,8925.8,14101.2,155774.6,12,0,12,1256,1256
2,current-first,metadata-timing/bounds-visual32,original,1,11836.7,11714.8,13718.0,25966.2,84482.9,20,0,20,5272,5272
2,current-first,metadata-timing/bounds-visual256,current,1,16329.7,16133.6,19691.4,35821.4,61238.2,12,0,12,4712,4712
2,current-first,metadata-timing/bounds-visual256,original,1,59794.5,58444.5,62819.5,131178.7,16723.9,20,0,20,35480,35480
2,current-first,metadata-timing/bounds-dense,current,1,24578.1,24232.0,31972.7,53880.4,40686.6,12,0,12,4712,4712
2,current-first,metadata-timing/bounds-dense,original,1,67382.0,66343.0,71157.0,147749.2,14840.8,20,0,20,35480,35480
2,current-first,title-search/plain-miss,current,1,88.5,86.0,93.2,194.1,11304182.8,0,0,0,0,0
2,current-first,title-search/plain-miss,original,1,116.4,112.9,131.6,255.2,8594434.4,0,0,0,0,0
2,current-first,title-search/plain-hit,current,1,73.2,67.8,88.7,160.3,13661017.7,0,0,0,0,0
2,current-first,title-search/plain-hit,original,1,114.1,102.1,128.7,250.1,8763020.3,0,0,0,0,0
2,current-first,title-search/blank-subtitle,current,1,93.0,92.0,99.8,204.0,10753125.7,0,0,0,0,0
2,current-first,title-search/blank-subtitle,original,1,117.6,115.1,118.9,257.9,8506860.2,0,0,0,0,0
2,current-first,title-search/subtitle-miss,current,1,111.4,106.6,113.6,244.3,8976673.5,0,0,0,0,0
2,current-first,title-search/subtitle-miss,original,1,161.5,158.5,172.9,353.1,6193275.2,0,0,0,0,0
2,current-first,title-search/subtitle-crossing,current,1,98.3,93.5,109.5,215.7,10170554.2,0,0,0,0,0
2,current-first,title-search/subtitle-crossing,original,1,122.4,118.3,127.6,267.8,8172895.9,0,0,0,0,0
2,current-first,title-search/catalog-plain-miss,current,1024,261003.1,253692.2,265631.2,571773.5,3923324.7,2,0,2,90203,90203
2,current-first,title-search/catalog-plain-miss,original,1024,334276.6,326293.8,350884.4,732859.0,3063331.7,2,0,2,90203,90203
2,current-first,title-search/catalog-plain-hit,current,1024,1186870.3,1149065.6,1294417.2,2599545.3,862773.3,6148,0,6148,352373,352373
2,current-first,title-search/catalog-plain-hit,original,1024,1185242.2,1138804.7,1231232.8,2596787.8,863958.4,6148,0,6148,352373,352373
2,current-first,title-search/catalog-subtitle-miss,current,1024,300525.0,294767.2,305625.0,658115.9,3407370.4,2,0,2,90203,90203
2,current-first,title-search/catalog-subtitle-miss,original,1024,401460.9,392265.6,409048.4,879882.9,2550684.0,2,0,2,90203,90203
3,original-first,media-roots/portable,original,1,644.3,616.8,740.3,1413.8,1551985.5,3,4,3,226,226
3,original-first,media-roots/portable,current,1,630.0,616.0,789.5,1381.0,1587412.3,3,4,3,226,226
3,original-first,media-roots/portable-cwd,original,1,1974.3,1926.7,2244.5,4318.7,506498.2,6,10,6,436,436
3,original-first,media-roots/portable-cwd,current,1,1534.1,1493.6,1633.3,3363.3,651855.6,5,9,5,357,357
3,original-first,media-roots/installed,original,1,793.1,785.2,893.8,1739.4,1260928.5,3,4,3,226,226
3,original-first,media-roots/installed,current,1,789.7,780.2,847.5,1731.3,1266268.9,3,4,3,226,226
3,original-first,media-roots/installed-cwd,original,1,2385.5,2303.9,2600.4,5228.8,419195.4,6,8,6,396,396
3,original-first,media-roots/installed-cwd,current,1,2390.0,2250.8,2579.1,5237.3,418411.8,5,8,5,373,373
3,original-first,media-roots/long-portable,original,1,1469.2,1402.7,1565.8,3222.4,680624.8,6,5,6,11357,11357
3,original-first,media-roots/long-portable,current,1,1285.5,1237.2,1511.8,2819.4,777908.6,5,4,5,9092,9092
3,original-first,metadata-timing/bounds-empty,original,1,9.4,9.1,12.8,20.7,106182760.9,0,0,0,0,0
3,original-first,metadata-timing/bounds-empty,current,1,9.1,8.9,9.4,20.1,109427283.4,0,0,0,0,0
3,original-first,metadata-timing/bounds-regular,original,1,1618.8,1552.3,2073.4,3510.3,617760.6,12,0,12,208,208
3,original-first,metadata-timing/bounds-regular,current,1,1324.2,1321.9,1569.5,2915.2,755162.2,9,0,9,176,176
3,original-first,metadata-timing/bounds-visual32,original,1,12421.1,11532.0,14107.0,27248.9,80508.2,20,0,20,5272,5272
3,original-first,metadata-timing/bounds-visual32,current,1,6105.5,5921.1,6737.5,13423.8,163787.6,12,0,12,1256,1256
3,original-first,metadata-timing/bounds-visual256,original,1,65689.1,59591.4,71576.6,144005.7,15223.2,20,0,20,35480,35480
3,original-first,metadata-timing/bounds-visual256,current,1,16785.9,16008.6,20361.7,36816.0,59573.7,12,0,12,4712,4712
3,original-first,metadata-timing/bounds-dense,original,1,69412.5,66727.3,70848.4,152096.4,14406.6,20,0,20,35480,35480
3,original-first,metadata-timing/bounds-dense,current,1,24291.4,24272.7,28005.5,53273.3,41166.8,12,0,12,4712,4712
3,original-first,title-search/plain-miss,original,1,116.3,111.6,124.9,255.0,8595223.4,0,0,0,0,0
3,original-first,title-search/plain-miss,current,1,86.9,86.0,99.1,190.4,11513905.7,0,0,0,0,0
3,original-first,title-search/plain-hit,original,1,108.7,102.0,117.2,238.3,9197776.9,0,0,0,0,0
3,original-first,title-search/plain-hit,current,1,69.1,67.8,73.3,151.5,14478614.4,0,0,0,0,0
3,original-first,title-search/blank-subtitle,original,1,125.1,122.3,127.5,274.2,7996095.7,0,0,0,0,0
3,original-first,title-search/blank-subtitle,current,1,103.0,97.5,111.9,225.9,9704436.4,0,0,0,0,0
3,original-first,title-search/subtitle-miss,original,1,169.8,156.1,192.5,371.9,5888494.5,0,0,0,0,0
3,original-first,title-search/subtitle-miss,current,1,115.1,107.5,122.0,252.4,8690163.6,0,0,0,0,0
3,original-first,title-search/subtitle-crossing,original,1,120.9,117.2,152.5,265.0,8269422.5,0,0,0,0,0
3,original-first,title-search/subtitle-crossing,current,1,100.1,98.0,102.6,219.5,9992985.9,0,0,0,0,0
3,original-first,title-search/catalog-plain-miss,original,1024,332389.1,327143.8,342970.3,728537.7,3080727.1,2,0,2,90203,90203
3,original-first,title-search/catalog-plain-miss,current,1024,271434.4,254962.5,331090.6,594982.2,3772550.9,2,0,2,90203,90203
3,original-first,title-search/catalog-plain-hit,original,1024,1217076.6,1203260.9,1375451.6,2666739.8,841360.4,6148,0,6148,352373,352373
3,original-first,title-search/catalog-plain-hit,current,1024,1133301.6,1103229.7,1180715.6,2482754.2,903554.7,6148,0,6148,352373,352373
3,original-first,title-search/catalog-subtitle-miss,original,1024,395665.6,388701.6,419846.9,867381.7,2588043.9,2,0,2,90203,90203
3,original-first,title-search/catalog-subtitle-miss,current,1024,302178.1,297525.0,309392.2,662379.0,3388729.7,2,0,2,90203,90203
4,current-first,media-roots/portable,current,1,663.7,612.8,691.7,1448.1,1506602.4,3,4,3,226,226
4,current-first,media-roots/portable,original,1,631.4,609.3,728.2,1385.2,1583668.4,3,4,3,226,226
4,current-first,media-roots/portable-cwd,current,1,1516.5,1490.7,1635.6,3327.1,659432.7,5,9,5,357,357
4,current-first,media-roots/portable-cwd,original,1,2133.0,1978.2,2364.0,4677.8,468826.9,6,10,6,436,436
4,current-first,media-roots/installed,current,1,781.4,781.0,859.5,1713.7,1279680.1,3,4,3,226,226
4,current-first,media-roots/installed,original,1,911.7,781.3,986.2,1995.4,1096829.5,3,4,3,226,226
4,current-first,media-roots/installed-cwd,current,1,2349.8,2241.4,2516.3,5149.3,425576.1,5,8,5,373,373
4,current-first,media-roots/installed-cwd,original,1,2690.1,2611.0,2736.5,5900.2,371735.1,6,8,6,396,396
4,current-first,media-roots/long-portable,current,1,1258.7,1241.6,1435.0,2760.9,794491.3,5,4,5,9092,9092
4,current-first,media-roots/long-portable,original,1,1454.7,1408.0,1601.5,3189.1,687421.3,6,5,6,11357,11357
4,current-first,metadata-timing/bounds-empty,current,1,9.3,8.8,11.1,20.4,107824942.4,0,0,0,0,0
4,current-first,metadata-timing/bounds-empty,original,1,8.9,8.4,12.1,19.5,112624162.2,0,0,0,0,0
4,current-first,metadata-timing/bounds-regular,current,1,1664.8,1661.7,1860.2,3664.6,600657.0,9,0,9,176,176
4,current-first,metadata-timing/bounds-regular,original,1,1907.8,1859.4,2259.4,4156.8,524160.5,12,0,12,208,208
4,current-first,metadata-timing/bounds-visual32,current,1,6472.7,6153.9,6694.5,14192.1,154496.1,12,0,12,1256,1256
4,current-first,metadata-timing/bounds-visual32,original,1,12385.2,12129.7,16677.3,27166.6,80741.8,20,0,20,5272,5272
4,current-first,metadata-timing/bounds-visual256,current,1,16945.3,16331.2,19093.0,37179.5,59013.4,12,0,12,4712,4712
4,current-first,metadata-timing/bounds-visual256,original,1,62034.4,58862.5,63806.2,135916.8,16120.1,20,0,20,35480,35480
4,current-first,metadata-timing/bounds-dense,current,1,24432.8,24248.4,29099.2,53611.2,40928.6,12,0,12,4712,4712
4,current-first,metadata-timing/bounds-dense,original,1,68560.2,66655.5,71651.6,150239.2,14585.7,20,0,20,35480,35480
4,current-first,title-search/plain-miss,current,1,92.2,85.9,93.4,202.1,10842073.9,0,0,0,0,0
4,current-first,title-search/plain-miss,original,1,115.1,110.2,121.5,252.4,8690739.8,0,0,0,0,0
4,current-first,title-search/plain-hit,current,1,74.6,68.6,87.0,161.8,13410821.0,0,0,0,0,0
4,current-first,title-search/plain-hit,original,1,104.1,102.8,109.4,228.3,9606144.6,0,0,0,0,0
4,current-first,title-search/blank-subtitle,current,1,92.1,91.7,95.4,201.9,10862560.5,0,0,0,0,0
4,current-first,title-search/blank-subtitle,original,1,119.4,115.8,122.0,262.1,8372639.7,0,0,0,0,0
4,current-first,title-search/subtitle-miss,current,1,112.4,108.4,117.1,243.8,8900598.9,0,0,0,0,0
4,current-first,title-search/subtitle-miss,original,1,160.5,156.5,162.8,351.7,6230486.9,0,0,0,0,0
4,current-first,title-search/subtitle-crossing,current,1,114.5,99.2,125.5,250.1,8737084.9,0,0,0,0,0
4,current-first,title-search/subtitle-crossing,original,1,125.6,121.2,145.6,273.8,7959580.3,0,0,0,0,0
4,current-first,title-search/catalog-plain-miss,current,1024,255214.1,253167.2,265529.7,557005.2,4012318.1,2,0,2,90203,90203
4,current-first,title-search/catalog-plain-miss,original,1024,331939.1,327475.0,343328.1,723122.2,3084903.6,2,0,2,90203,90203
4,current-first,title-search/catalog-plain-hit,current,1024,1448406.2,1406714.1,1596757.8,3155765.3,706984.0,6148,0,6148,352373,352373
4,current-first,title-search/catalog-plain-hit,original,1024,1442739.1,1404615.6,1498806.2,3140389.9,709761.1,6148,0,6148,352373,352373
4,current-first,title-search/catalog-subtitle-miss,current,1024,300581.2,296806.2,331009.4,654631.3,3406732.8,2,0,2,90203,90203
4,current-first,title-search/catalog-subtitle-miss,original,1024,404262.5,401310.9,417309.4,880198.5,2533007.6,2,0,2,90203,90203
5,original-first,media-roots/portable,original,1,648.5,614.8,711.6,1423.1,1541994.5,3,4,3,226,226
5,original-first,media-roots/portable,current,1,638.4,623.1,671.3,1397.4,1566407.9,3,4,3,226,226
5,original-first,media-roots/portable-cwd,original,1,1950.4,1927.0,2032.8,4276.9,512711.4,6,10,6,436,436
5,original-first,media-roots/portable-cwd,current,1,1503.9,1502.7,1585.3,3297.7,664945.9,5,9,5,357,357
5,original-first,media-roots/installed,original,1,811.3,785.9,930.6,1772.6,1232584.0,3,4,3,226,226
5,original-first,media-roots/installed,current,1,817.9,788.8,884.1,1793.6,1222613.6,3,4,3,226,226
5,original-first,media-roots/installed-cwd,original,1,2367.2,2312.3,2690.9,5190.0,422446.6,6,8,6,396,396
5,original-first,media-roots/installed-cwd,current,1,2346.7,2276.5,2429.4,5122.9,426138.4,5,8,5,373,373
5,original-first,media-roots/long-portable,original,1,1448.9,1407.9,1575.7,3162.7,690201.4,6,5,6,11357,11357
5,original-first,media-roots/long-portable,current,1,1294.3,1264.2,1474.4,2834.2,772640.7,5,4,5,9092,9092
5,original-first,metadata-timing/bounds-empty,original,1,9.7,8.7,12.9,19.9,103027825.8,0,0,0,0,0
5,original-first,metadata-timing/bounds-empty,current,1,9.1,8.4,12.2,19.7,110200100.9,0,0,0,0,0
5,original-first,metadata-timing/bounds-regular,original,1,1564.1,1556.2,1682.0,3452.0,639360.6,12,0,12,208,208
5,original-first,metadata-timing/bounds-regular,current,1,1328.1,1325.0,1551.6,2923.8,752941.2,9,0,9,176,176
5,original-first,metadata-timing/bounds-visual32,original,1,13468.8,11728.1,15282.8,29407.9,74245.9,20,0,20,5272,5272
5,original-first,metadata-timing/bounds-visual32,current,1,6248.4,5901.6,7925.8,13737.6,160040.0,12,0,12,1256,1256
5,original-first,metadata-timing/bounds-visual256,original,1,63427.3,59206.2,64680.5,137146.3,15766.1,20,0,20,35480,35480
5,original-first,metadata-timing/bounds-visual256,current,1,18256.2,16388.3,21840.6,38915.0,54775.8,12,0,12,4712,4712
5,original-first,metadata-timing/bounds-dense,original,1,68793.0,67376.6,76929.7,150794.8,14536.4,20,0,20,35480,35480
5,original-first,metadata-timing/bounds-dense,current,1,26371.9,24393.0,27877.3,57814.2,37919.2,12,0,12,4712,4712
5,original-first,title-search/plain-miss,original,1,114.9,112.0,121.7,251.9,8700547.0,0,0,0,0,0
5,original-first,title-search/plain-miss,current,1,91.7,85.9,104.7,200.9,10903585.4,0,0,0,0,0
5,original-first,title-search/plain-hit,original,1,108.1,103.6,112.0,235.1,9251662.3,0,0,0,0,0
5,original-first,title-search/plain-hit,current,1,68.1,67.8,72.6,149.1,14681332.5,0,0,0,0,0
5,original-first,title-search/blank-subtitle,original,1,120.0,116.7,126.1,259.9,8335050.3,0,0,0,0,0
5,original-first,title-search/blank-subtitle,current,1,94.3,91.7,97.7,206.4,10607105.3,0,0,0,0,0
5,original-first,title-search/subtitle-miss,original,1,161.5,156.8,163.5,352.1,6191753.9,0,0,0,0,0
5,original-first,title-search/subtitle-miss,current,1,109.1,106.8,113.6,237.5,9163439.1,0,0,0,0,0
5,original-first,title-search/subtitle-crossing,original,1,121.5,117.7,129.6,263.2,8227481.0,0,0,0,0,0
5,original-first,title-search/subtitle-crossing,current,1,103.1,99.7,110.7,224.4,9698117.7,0,0,0,0,0
5,original-first,title-search/catalog-plain-miss,original,1024,339950.0,325696.9,352954.7,741543.0,3012207.7,2,0,2,90203,90203
5,original-first,title-search/catalog-plain-miss,current,1024,258218.8,252740.6,272235.9,561313.0,3965629.9,2,0,2,90203,90203
5,original-first,title-search/catalog-plain-hit,original,1024,1178817.2,1152329.7,1241646.9,2562130.9,868667.3,6148,0,6148,352373,352373
5,original-first,title-search/catalog-plain-hit,current,1024,1119189.1,1111084.4,1137896.9,2434913.6,914948.2,6148,0,6148,352373,352373
5,original-first,title-search/catalog-subtitle-miss,original,1024,399393.8,397492.2,407068.8,868242.6,2563885.9,2,0,2,90203,90203
5,original-first,title-search/catalog-subtitle-miss,current,1024,304392.2,297667.2,313096.9,661984.5,3364081.1,2,0,2,90203,90203
6,current-first,media-roots/portable,current,1,631.0,612.7,673.9,1376.9,1584771.3,3,4,3,226,226
6,current-first,media-roots/portable,original,1,616.3,609.4,667.2,1352.0,1622563.8,3,4,3,226,226
6,current-first,media-roots/portable-cwd,current,1,1537.6,1488.4,1636.3,3358.5,650375.5,5,9,5,357,357
6,current-first,media-roots/portable-cwd,original,1,1984.5,1923.5,2135.1,4314.5,503893.6,6,10,6,436,436
6,current-first,media-roots/installed,current,1,793.8,780.7,850.1,1715.0,1259842.5,3,4,3,226,226
6,current-first,media-roots/installed,original,1,813.7,791.3,885.8,1784.5,1228922.9,3,4,3,226,226
6,current-first,media-roots/installed-cwd,current,1,2286.4,2239.9,2479.2,4979.4,437368.5,5,8,5,373,373
6,current-first,media-roots/installed-cwd,original,1,2681.4,2625.2,2742.2,5862.0,372933.2,6,8,6,396,396
6,current-first,media-roots/long-portable,current,1,1266.0,1242.1,1521.5,2752.3,789894.9,5,4,5,9092,9092
6,current-first,media-roots/long-portable,original,1,1456.2,1408.9,1505.4,3140.8,686695.3,6,5,6,11357,11357
6,current-first,metadata-timing/bounds-empty,current,1,9.6,9.4,12.2,21.1,103975884.5,0,0,0,0,0
6,current-first,metadata-timing/bounds-empty,original,1,9.8,9.1,13.5,21.7,101922239.5,0,0,0,0,0
6,current-first,metadata-timing/bounds-regular,current,1,1439.1,1435.9,1606.2,3167.3,694896.9,9,0,9,176,176
6,current-first,metadata-timing/bounds-regular,original,1,2296.9,1698.4,3014.8,5055.4,435374.1,12,0,12,208,208
6,current-first,metadata-timing/bounds-visual32,current,1,7577.3,6433.6,8371.1,16651.1,131972.4,12,0,12,1256,1256
6,current-first,metadata-timing/bounds-visual32,original,1,12685.9,12085.9,15139.1,27814.8,78827.4,20,0,20,5272,5272
6,current-first,metadata-timing/bounds-visual256,current,1,16687.5,16063.3,24129.7,36596.5,59925.1,12,0,12,4712,4712
6,current-first,metadata-timing/bounds-visual256,original,1,59795.3,59113.3,63951.6,130053.8,16723.7,20,0,20,35480,35480
6,current-first,metadata-timing/bounds-dense,current,1,24943.0,24243.0,29893.8,54221.6,40091.5,12,0,12,4712,4712
6,current-first,metadata-timing/bounds-dense,original,1,69661.7,67548.4,71610.2,150820.5,14355.1,20,0,20,35480,35480
6,current-first,title-search/plain-miss,current,1,114.1,92.6,119.9,250.0,8765833.4,0,0,0,0,0
6,current-first,title-search/plain-miss,original,1,120.0,117.8,145.1,263.0,8335792.4,0,0,0,0,0
6,current-first,title-search/plain-hit,current,1,76.8,71.2,92.3,168.4,13025659.4,0,0,0,0,0
6,current-first,title-search/plain-hit,original,1,108.4,104.0,123.4,233.6,9224576.0,0,0,0,0,0
6,current-first,title-search/blank-subtitle,current,1,94.6,92.5,96.6,207.6,10568618.0,0,0,0,0,0
6,current-first,title-search/blank-subtitle,original,1,119.7,116.4,123.7,262.3,8357371.5,0,0,0,0,0
6,current-first,title-search/subtitle-miss,current,1,109.1,106.8,128.3,239.2,9166899.8,0,0,0,0,0
6,current-first,title-search/subtitle-miss,original,1,161.0,159.1,165.3,353.0,6209588.8,0,0,0,0,0
6,current-first,title-search/subtitle-crossing,current,1,99.0,93.6,105.8,217.2,10097996.9,0,0,0,0,0
6,current-first,title-search/subtitle-crossing,original,1,123.6,118.6,128.3,269.1,8092562.6,0,0,0,0,0
6,current-first,title-search/catalog-plain-miss,current,1024,274206.2,263642.2,288828.1,597674.5,3734415.2,2,0,2,90203,90203
6,current-first,title-search/catalog-plain-miss,original,1024,350445.3,328646.9,380082.8,762344.1,2921996.6,2,0,2,90203,90203
6,current-first,title-search/catalog-plain-hit,current,1024,1198090.6,1162185.9,1362242.2,2625082.8,854693.3,6148,0,6148,352373,352373
6,current-first,title-search/catalog-plain-hit,original,1024,1169900.0,1134870.3,1200940.6,2547187.8,875288.5,6148,0,6148,352373,352373
6,current-first,title-search/catalog-subtitle-miss,current,1024,313756.2,303639.1,329034.4,687453.4,3263680.0,2,0,2,90203,90203
6,current-first,title-search/catalog-subtitle-miss,original,1024,415964.1,408095.3,441460.9,905687.9,2461751.1,2,0,2,90203,90203
