run,scenario,implementation,ns_per_op,ns_min,ns_max,thread_cycles_per_op,units_per_second,allocations,reallocations,frees,allocated_bytes,freed_bytes
1,phase_1_peak_false_before,old,2752.9,2534.2,3976.2,6035.8,46495920.5,0,0,0,0,0
1,phase_1_peak_false_before,new,2443.8,2352.5,3021.5,5335.7,52378516.6,0,0,0,0,0
1,phase_1_peak_false_late,old,2559.8,2364.8,2864.6,5612.7,50004578.1,0,0,0,0,0
1,phase_1_peak_false_late,new,2384.6,2126.4,2831.8,5209.7,53678433.9,0,0,0,0,0
1,phase_1_peak_false_after,old,2008.8,1921.1,2234.6,4402.9,63719980.6,0,0,0,0,0
1,phase_1_peak_false_after,new,1665.8,1482.8,2043.9,3659.5,76839019.8,0,0,0,0,0
1,phase_1_peak_true_before,old,2725.6,2293.9,3688.1,5980.1,46962379.1,0,0,0,0,0
1,phase_1_peak_true_before,new,2544.5,2220.7,3073.6,5580.1,50303960.7,0,0,0,0,0
1,phase_1_peak_true_late,old,2642.6,2384.4,3961.3,5793.6,48437546.2,0,0,0,0,0
1,phase_1_peak_true_late,new,2737.5,2259.6,3137.5,6002.8,46757990.9,0,0,0,0,0
1,phase_1_peak_true_after,old,2041.0,1812.1,2612.5,4474.0,62713875.6,0,0,0,0,0
1,phase_1_peak_true_after,new,1680.1,1483.6,2043.4,3671.1,76186933.3,0,0,0,0,0
1,phase_2_peak_false_before,old,2863.7,2644.7,3102.3,6281.9,44697858.4,0,0,0,0,0
1,phase_2_peak_false_before,new,2541.2,2310.4,2712.1,5558.2,50369687.2,0,0,0,0,0
1,phase_2_peak_false_late,old,4066.4,3927.9,4381.6,8918.9,31477425.6,0,0,0,0,0
1,phase_2_peak_false_late,new,3206.8,2997.5,3751.0,7042.4,39914732.9,0,0,0,0,0
1,phase_2_peak_false_after,old,1987.7,1849.6,2218.8,4359.1,64396187.5,0,0,0,0,0
1,phase_2_peak_false_after,new,1669.7,1469.7,2199.8,3668.5,76659258.4,0,0,0,0,0
1,phase_2_peak_true_before,old,2822.9,2609.0,3410.5,6190.2,45344219.2,0,0,0,0,0
1,phase_2_peak_true_before,new,2581.8,2358.6,2853.5,5660.7,49577123.8,0,0,0,0,0
1,phase_2_peak_true_late,old,4298.4,4097.9,4615.4,9434.2,29778262.5,0,0,0,0,0
1,phase_2_peak_true_late,new,3200.4,3057.8,3445.1,7018.9,39995117.8,0,0,0,0,0
1,phase_2_peak_true_after,old,1971.3,1841.6,2090.0,4318.8,64932131.2,0,0,0,0,0
1,phase_2_peak_true_after,new,1695.9,1483.6,1804.3,3725.9,75476217.9,0,0,0,0,0
1,phase_8_peak_false_before,old,2661.9,2437.5,3270.1,5839.9,48085699.6,0,0,0,0,0
1,phase_8_peak_false_before,new,2406.2,2143.6,3079.9,5285.1,53194805.2,0,0,0,0,0
1,phase_8_peak_false_late,old,12810.2,11630.1,13557.0,28080.6,9992071.7,0,0,0,0,0
1,phase_8_peak_false_late,new,4299.2,3641.4,4655.3,9410.6,29772851.2,0,0,0,0,0
1,phase_8_peak_false_after,old,2262.3,1921.1,2303.5,4920.3,56579469.9,0,0,0,0,0
1,phase_8_peak_false_after,new,1662.7,1483.6,1764.8,3647.0,76983437.1,0,0,0,0,0
1,phase_8_peak_true_before,old,2939.1,2571.7,3181.6,6446.5,43551302.5,0,0,0,0,0
1,phase_8_peak_true_before,new,2430.3,2134.4,2579.5,5331.0,52668970.5,0,0,0,0,0
1,phase_8_peak_true_late,old,12369.9,12010.4,13573.4,27118.5,10347680.6,0,0,0,0,0
1,phase_8_peak_true_late,new,4569.9,3873.0,4957.2,10028.0,28009231.6,0,0,0,0,0
1,phase_8_peak_true_after,old,2020.3,1749.6,2308.4,4429.4,63356535.2,0,0,0,0,0
1,phase_8_peak_true_after,new,1582.2,1403.7,1923.4,3476.0,80898654.5,0,0,0,0,0
1,phase_32_peak_false_before,old,2721.5,2445.9,3074.2,5969.4,47033156.3,0,0,0,0,0
1,phase_32_peak_false_before,new,2539.5,2068.2,2961.3,5563.4,50404553.1,0,0,0,0,0
1,phase_32_peak_false_late,old,50461.9,49610.7,53885.0,110619.0,2536566.5,0,0,0,0,0
1,phase_32_peak_false_late,new,8498.0,8147.9,10302.5,18634.3,15062284.5,0,0,0,0,0
1,phase_32_peak_false_after,old,2040.8,1749.6,2271.1,4380.6,62719877.5,0,0,0,0,0
1,phase_32_peak_false_after,new,1737.1,1491.6,1877.5,3727.6,73685630.8,0,0,0,0,0
1,phase_32_peak_true_before,old,3128.1,2741.6,3381.4,6862.4,40919080.9,0,0,0,0,0
1,phase_32_peak_true_before,new,2534.2,2337.1,2842.6,5569.4,50509441.2,0,0,0,0,0
1,phase_32_peak_true_late,old,49972.3,48421.1,53326.4,109555.8,2561420.8,0,0,0,0,0
1,phase_32_peak_true_late,new,9262.5,8856.1,10332.8,20320.5,13819163.3,0,0,0,0,0
1,phase_32_peak_true_after,old,2034.0,1749.6,2233.6,4468.0,62930670.3,0,0,0,0,0
1,phase_32_peak_true_after,new,1585.0,1438.1,1921.7,3474.3,80759088.1,0,0,0,0,0
1,phase_128_peak_false_before,old,2991.2,2281.4,3370.3,6561.8,42792034.0,0,0,0,0,0
1,phase_128_peak_false_before,new,2502.3,2068.2,2648.0,5496.1,51152045.0,0,0,0,0,0
1,phase_128_peak_false_late,old,198340.8,197061.5,205489.6,434793.5,645353.8,0,0,0,0,0
1,phase_128_peak_false_late,new,29983.6,28740.8,30978.7,65715.0,4269001.3,0,0,0,0,0
1,phase_128_peak_false_after,old,2158.6,1929.9,2202.3,4732.1,59297864.6,0,0,0,0,0
1,phase_128_peak_false_after,new,1540.4,1531.6,1820.1,3375.2,83093698.5,0,0,0,0,0
1,phase_128_peak_true_before,old,2927.3,2638.9,3597.5,6422.9,43725647.2,0,0,0,0,0
1,phase_128_peak_true_before,new,2504.9,2310.0,2706.4,5501.6,51100194.9,0,0,0,0,0
1,phase_128_peak_true_late,old,201591.8,200181.6,223853.5,441847.5,634946.5,0,0,0,0,0
1,phase_128_peak_true_late,new,31196.9,30027.3,32645.3,68388.8,4102975.1,0,0,0,0,0
1,phase_128_peak_true_after,old,2039.5,1749.6,2161.7,4480.0,62761923.0,0,0,0,0,0
1,phase_128_peak_true_after,new,1634.4,1438.7,1994.5,3592.2,78317399.6,0,0,0,0,0
1,sample_stream_0,old,37.5,34.4,40.6,130.3,0.0,0,0,0,0,0
1,sample_stream_0,new,18.8,18.8,21.9,89.2,0.0,0,0,0,0,0
1,sample_stream_1,old,1056.2,1050.0,2068.8,2366.5,946745.6,2,0,2,1868,1868
1,sample_stream_1,new,1156.2,640.6,1190.6,2586.0,864864.9,1,0,1,1360,1360
1,sample_stream_16,old,33353.1,29340.6,37400.0,73265.0,479715.2,10,4,10,50336,50336
1,sample_stream_16,new,22009.4,18809.4,24343.8,48180.2,726962.9,9,4,9,42208,42208
1,sample_stream_256,old,224131.2,206446.9,301496.9,490150.4,1142187.9,147,8,147,825878,825878
1,sample_stream_256,new,325506.2,315843.8,347568.8,713217.2,786467.2,146,8,146,695830,695830
1,sample_stream_1024,old,1569371.9,1381815.6,1638731.2,3435271.0,652490.3,586,10,586,3307616,3307616
1,sample_stream_1024,new,1481793.8,1452531.2,1493125.0,3245273.2,691054.3,585,10,585,2787424,2787424
1,explosion_1_overlap_false,old,1231.2,1206.2,2237.5,2798.6,812182.7,3,1,3,5112,5112
1,explosion_1_overlap_false,new,1075.0,1062.5,1112.5,2455.6,930232.6,2,1,2,4096,4096
1,explosion_1_overlap_true,old,1306.2,1300.0,2443.8,2976.9,765550.2,3,1,3,5112,5112
1,explosion_1_overlap_true,new,1200.0,1093.8,2287.5,2730.0,833333.3,2,1,2,4096,4096
1,explosion_16_overlap_false,old,74593.8,69137.5,86087.5,163843.1,214495.2,9,9,9,102128,102128
1,explosion_16_overlap_false,new,32187.5,25956.2,38318.8,69595.2,497087.4,5,9,5,85872,85872
1,explosion_16_overlap_true,old,12543.8,11668.8,15262.5,27643.2,1275535.6,9,7,9,36848,36848
1,explosion_16_overlap_true,new,10618.8,9925.0,12425.0,23417.9,1506768.7,5,7,5,20592,20592
1,explosion_128_overlap_false,old,432831.2,418706.2,460787.5,949214.1,295727.3,9,24,9,826992,826992
1,explosion_128_overlap_false,new,174406.2,170231.2,208825.0,382327.9,733918.7,5,24,5,696944,696944
1,explosion_128_overlap_true,old,105237.5,93200.0,116562.5,231188.4,1216296.5,9,19,9,136176,136176
1,explosion_128_overlap_true,new,68337.5,66425.0,79693.8,150124.2,1873056.5,5,19,5,22384,22384
1,explosion_512_overlap_false,old,2786618.8,2700562.5,2997506.2,6103197.3,183735.2,9,34,9,3312240,3312240
1,explosion_512_overlap_false,new,2263975.0,2201893.8,2320156.2,4952647.1,226150.9,5,34,5,2792048,2792048
1,explosion_512_overlap_true,old,554943.8,511143.8,609487.5,1215961.6,922616.0,9,27,9,337392,337392
1,explosion_512_overlap_true,new,348925.0,342300.0,385925.0,764395.1,1467364.0,5,27,5,28528,28528
1,speed_install,old,1509.4,1312.5,1656.2,3368.0,662525.9,8,0,0,378,0
1,speed_install,new,2246.9,1887.5,2990.6,4986.8,445062.6,9,1,0,778,128
1,speed_read_default_receiver_false,old,30437.9,29113.3,31767.6,66727.1,4205284.8,0,0,0,0,0
1,speed_read_default_receiver_false,new,30372.3,28969.1,34407.0,66497.3,4214371.1,0,0,0,0,0
1,speed_read_default_receiver_true,old,50135.5,48980.5,51976.6,109911.2,2553078.8,128,0,128,5120,5120
1,speed_read_default_receiver_true,new,51125.8,49519.5,52800.4,112083.1,2503629.2,128,0,128,5120,5120
1,speed_read_active_receiver_false,old,56369.9,53659.8,58708.2,123564.8,2270714.5,128,0,128,512,512
1,speed_read_active_receiver_false,new,50313.7,48871.5,51621.9,110333.9,2544040.1,0,0,0,0,0
1,speed_read_active_receiver_true,old,80102.0,77507.0,98334.8,175356.5,1597963.5,256,0,256,5632,5632
1,speed_read_active_receiver_true,new,70368.4,68789.8,73128.1,154197.9,1818999.4,128,0,128,5120,5120
1,speed_read_inactive_receiver_false,old,42376.6,40044.1,43600.0,92885.4,3020537.6,128,0,128,512,512
1,speed_read_inactive_receiver_false,new,34692.6,34225.8,37860.5,76028.5,3689550.0,0,0,0,0,0
1,speed_read_inactive_receiver_true,old,62428.9,61234.4,65482.0,136827.4,2050332.3,256,0,256,5632,5632
1,speed_read_inactive_receiver_true,new,54353.9,53096.9,56578.5,119100.2,2354936.5,128,0,128,5120,5120
1,speed_read_cleared_receiver_false,old,42082.8,39747.7,43356.6,92203.7,3041621.8,128,0,128,512,512
1,speed_read_cleared_receiver_false,new,35233.2,33401.2,35720.7,77218.6,3632936.8,0,0,0,0,0
1,speed_read_cleared_receiver_true,old,60914.8,60641.8,62234.4,133323.1,2101294.1,256,0,256,5632,5632
1,speed_read_cleared_receiver_true,new,54910.2,53975.0,55521.5,120130.8,2331080.6,128,0,128,5120,5120
2,phase_1_peak_false_before,new,2162.5,2028.3,2265.0,4750.1,59190751.4,0,0,0,0,0
2,phase_1_peak_false_before,old,2421.5,2195.7,2792.6,5312.6,52860138.7,0,0,0,0,0
2,phase_1_peak_false_late,new,2245.1,2109.2,2557.2,4931.5,57012614.2,0,0,0,0,0
2,phase_1_peak_false_late,old,2444.7,2194.3,2650.8,5369.6,52357593.7,0,0,0,0,0
2,phase_1_peak_false_after,new,1315.4,1204.9,1498.6,2891.2,97306607.3,0,0,0,0,0
2,phase_1_peak_false_after,old,1755.3,1676.0,2033.0,3855.8,72923111.2,0,0,0,0,0
2,phase_1_peak_true_before,new,2253.1,2045.9,2479.9,4939.2,56809986.1,0,0,0,0,0
2,phase_1_peak_true_before,old,2508.8,2275.4,2752.5,5510.7,51020630.6,0,0,0,0,0
2,phase_1_peak_true_late,new,2157.8,2018.8,2312.3,4739.4,59319333.8,0,0,0,0,0
2,phase_1_peak_true_late,old,2410.0,2272.1,2843.9,5283.4,53112894.1,0,0,0,0,0
2,phase_1_peak_true_after,new,1290.4,1240.6,1446.7,2826.1,99191766.3,0,0,0,0,0
2,phase_1_peak_true_after,old,1860.9,1717.6,2013.5,4080.5,68782535.7,0,0,0,0,0
2,phase_2_peak_false_before,new,2250.4,2138.7,2385.4,4936.6,56879014.1,0,0,0,0,0
2,phase_2_peak_false_before,old,2395.3,2276.0,2653.1,5261.1,53437703.8,0,0,0,0,0
2,phase_2_peak_false_late,new,2881.4,2702.1,3156.1,6318.8,44422151.4,0,0,0,0,0
2,phase_2_peak_false_late,old,3854.9,3513.7,4017.4,8457.2,33204641.0,0,0,0,0,0
2,phase_2_peak_false_after,new,1369.7,1204.1,1482.4,3002.7,93449308.4,0,0,0,0,0
2,phase_2_peak_false_after,old,1814.6,1668.0,2004.1,3986.6,70537078.9,0,0,0,0,0
2,phase_2_peak_true_before,new,2110.9,2045.5,2474.2,4629.2,60636565.5,0,0,0,0,0
2,phase_2_peak_true_before,old,2547.5,2281.8,2891.2,5596.8,50246109.0,0,0,0,0,0
2,phase_2_peak_true_late,new,3056.4,2698.2,3226.2,6705.5,41878714.3,0,0,0,0,0
2,phase_2_peak_true_late,old,3852.7,3759.2,4109.8,8452.9,33223157.3,0,0,0,0,0
2,phase_2_peak_true_after,new,1416.6,1200.2,1653.1,3103.9,90357093.6,0,0,0,0,0
2,phase_2_peak_true_after,old,1810.4,1686.7,2044.7,3977.2,70704498.9,0,0,0,0,0
2,phase_8_peak_false_before,new,2239.5,2124.0,2324.4,4912.2,57156811.4,0,0,0,0,0
2,phase_8_peak_false_before,old,2405.7,2292.4,2780.9,5274.0,53207761.6,0,0,0,0,0
2,phase_8_peak_false_late,new,4105.7,3907.0,4395.9,9009.4,31176442.6,0,0,0,0,0
2,phase_8_peak_false_late,old,12915.2,12154.5,13428.1,28300.1,9910776.4,0,0,0,0,0
2,phase_8_peak_false_after,new,1327.5,1283.2,1558.8,2917.4,96419008.4,0,0,0,0,0
2,phase_8_peak_false_after,old,1845.7,1773.0,1922.5,4047.0,69350264.6,0,0,0,0,0
2,phase_8_peak_true_before,new,2209.4,2053.3,2559.4,4842.3,57934936.4,0,0,0,0,0
2,phase_8_peak_true_before,old,2558.8,2341.6,2621.9,5610.5,50023662.3,0,0,0,0,0
2,phase_8_peak_true_late,new,4154.7,3985.9,4543.9,9114.4,30808574.7,0,0,0,0,0
2,phase_8_peak_true_late,old,12965.0,12677.0,15037.9,28394.8,9872704.5,0,0,0,0,0
2,phase_8_peak_true_after,new,1326.0,1240.4,1350.2,2904.1,96532626.3,0,0,0,0,0
2,phase_8_peak_true_after,old,1789.1,1668.0,1897.9,3924.0,71545851.5,0,0,0,0,0
2,phase_32_peak_false_before,new,2221.9,1994.7,2418.2,4871.0,57609001.4,0,0,0,0,0
2,phase_32_peak_false_before,old,2532.6,2202.7,2799.0,5564.7,50540603.1,0,0,0,0,0
2,phase_32_peak_false_late,new,8954.7,8466.8,9377.7,19621.7,14294189.5,0,0,0,0,0
2,phase_32_peak_false_late,old,50869.9,50157.0,52189.8,111536.9,2516221.7,0,0,0,0,0
2,phase_32_peak_false_after,new,1378.1,1240.2,1507.6,3018.1,92879818.6,0,0,0,0,0
2,phase_32_peak_false_after,old,1889.6,1680.1,2075.4,4143.5,67737467.7,0,0,0,0,0
2,phase_32_peak_true_before,new,2266.2,2090.8,2406.4,4977.8,56481944.3,0,0,0,0,0
2,phase_32_peak_true_before,old,2502.7,2490.0,2666.0,5489.2,51144061.2,0,0,0,0,0
2,phase_32_peak_true_late,new,9477.5,9470.5,9581.8,20780.9,13505615.7,0,0,0,0,0
2,phase_32_peak_true_late,old,51295.7,50843.9,53869.5,112417.9,2495335.7,0,0,0,0,0
2,phase_32_peak_true_after,new,1337.3,1175.6,1585.2,2931.1,95714911.6,0,0,0,0,0
2,phase_32_peak_true_after,old,1957.6,1516.4,2103.5,4300.4,65385613.1,0,0,0,0,0
2,phase_128_peak_false_before,new,2276.2,2208.0,2376.2,4995.3,56234769.2,0,0,0,0,0
2,phase_128_peak_false_before,old,2589.8,2226.0,2694.3,5680.4,49423831.1,0,0,0,0,0
2,phase_128_peak_false_late,new,30508.2,29688.9,31139.3,66870.8,4195592.9,0,0,0,0,0
2,phase_128_peak_false_late,old,203966.2,203493.2,210783.2,446857.0,627554.9,0,0,0,0,0
2,phase_128_peak_false_after,new,1349.0,1200.4,1571.5,2953.0,94883451.6,0,0,0,0,0
2,phase_128_peak_false_after,old,1822.1,1756.4,2316.8,4002.9,70249758.8,0,0,0,0,0
2,phase_128_peak_true_before,new,2099.0,2064.8,2329.5,4603.1,60980738.8,0,0,0,0,0
2,phase_128_peak_true_before,old,2497.1,2283.0,2796.1,5475.1,51260070.4,0,0,0,0,0
2,phase_128_peak_true_late,new,31806.2,31100.6,32292.6,69732.0,4024366.3,0,0,0,0,0
2,phase_128_peak_true_late,old,205752.5,200851.8,211543.8,450967.5,622106.5,0,0,0,0,0
2,phase_128_peak_true_after,new,1341.4,1283.2,1460.9,2941.0,95422248.1,0,0,0,0,0
2,phase_128_peak_true_after,old,1823.2,1725.6,2157.0,4005.4,70204606.3,0,0,0,0,0
2,sample_stream_0,new,18.8,18.8,21.9,89.2,0.0,0,0,0,0,0
2,sample_stream_0,old,37.5,37.5,40.6,123.5,0.0,0,0,0,0,0
2,sample_stream_1,new,796.9,790.6,803.1,1790.3,1254902.0,1,0,1,1360,1360
2,sample_stream_1,old,1103.1,1100.0,1118.8,2469.4,906515.6,2,0,2,1868,1868
2,sample_stream_16,new,7528.1,7009.4,8659.4,16572.2,2125363.2,9,4,9,42208,42208
2,sample_stream_16,old,35106.2,33053.1,36175.0,77126.8,455759.3,10,4,10,50336,50336
2,sample_stream_256,new,212687.5,201009.4,236150.0,465929.9,1203643.8,146,8,146,695830,695830
2,sample_stream_256,old,218553.1,202993.8,250243.8,479292.0,1171339.9,147,8,147,825878,825878
2,sample_stream_1024,new,1285296.9,1239456.2,1376231.2,2815547.1,796703.1,585,10,585,2787424,2787424
2,sample_stream_1024,old,1208903.1,1135606.2,1325359.4,2645612.9,847048.8,586,10,586,3307616,3307616
2,explosion_1_overlap_false,new,1187.5,1181.2,1243.8,2716.3,842105.3,2,1,2,4096,4096
2,explosion_1_overlap_false,old,1325.0,1300.0,2531.2,3004.4,754717.0,3,1,3,5112,5112
2,explosion_1_overlap_true,new,1187.5,1181.2,1206.2,2702.6,842105.3,2,1,2,4096,4096
2,explosion_1_overlap_true,old,1318.8,1300.0,1362.5,2990.7,758293.8,3,1,3,5112,5112
2,explosion_16_overlap_false,new,25950.0,25300.0,28043.8,57097.4,616570.3,5,9,5,85872,85872
2,explosion_16_overlap_false,old,73825.0,61356.2,87975.0,162169.4,216728.8,9,9,9,102128,102128
2,explosion_16_overlap_true,new,10625.0,9025.0,13662.5,23417.9,1505882.4,5,7,5,20592,20592
2,explosion_16_overlap_true,old,14131.2,12387.5,18412.5,31114.1,1132242.4,9,7,9,36848,36848
2,explosion_128_overlap_false,new,177012.5,168675.0,183587.5,388583.6,723112.8,5,24,5,696944,696944
2,explosion_128_overlap_false,old,323881.2,316981.2,346593.8,709300.5,395206.6,9,24,9,826992,826992
2,explosion_128_overlap_true,new,69031.2,68400.0,70031.2,151866.6,1854232.7,5,19,5,22384,22384
2,explosion_128_overlap_true,old,107693.8,105825.0,110637.5,236086.0,1188555.5,9,19,9,136176,136176
2,explosion_512_overlap_false,new,2130281.2,2064300.0,2161725.0,4662879.7,240343.9,5,34,5,2792048,2792048
2,explosion_512_overlap_false,old,2569575.0,2536356.2,2628531.2,5627088.4,199254.7,9,34,9,3312240,3312240
2,explosion_512_overlap_true,new,364700.0,351500.0,369737.5,799761.9,1403893.6,5,27,5,28528,28528
2,explosion_512_overlap_true,old,558850.0,535193.8,595587.5,1224617.9,916167.1,9,27,9,337392,337392
2,speed_install,old,1534.4,1440.6,1762.5,3422.8,651731.2,8,0,0,378,0
2,speed_install,new,2593.8,1893.8,3034.4,5720.7,385542.2,9,1,0,778,128
2,speed_read_default_receiver_false,new,32988.3,31544.1,34359.0,72258.4,3880165.8,0,0,0,0,0
2,speed_read_default_receiver_false,old,30853.1,30082.4,32011.3,67615.4,4148688.3,0,0,0,0,0
2,speed_read_default_receiver_true,new,51601.2,50996.5,52781.2,113130.0,2480563.8,128,0,128,5120,5120
2,speed_read_default_receiver_true,old,50835.2,49595.7,52169.1,111452.8,2517942.5,128,0,128,5120,5120
2,speed_read_active_receiver_false,new,51235.2,48938.3,53889.5,112284.5,2498284.6,0,0,0,0,0
2,speed_read_active_receiver_false,old,58218.0,56829.3,59772.3,127615.2,2198633.9,128,0,128,512,512
2,speed_read_active_receiver_true,new,69359.0,68116.8,70183.6,152032.9,1845471.1,128,0,128,5120,5120
2,speed_read_active_receiver_true,old,76789.5,74562.9,77819.5,168317.9,1666895.6,256,0,256,5632,5632
2,speed_read_inactive_receiver_false,new,36008.2,34783.2,37373.0,78962.6,3554745.6,0,0,0,0,0
2,speed_read_inactive_receiver_false,old,41959.8,41687.5,44849.6,91940.5,3050541.3,128,0,128,512,512
2,speed_read_inactive_receiver_true,new,54422.7,53486.7,58059.0,119091.6,2351961.6,128,0,128,5120,5120
2,speed_read_inactive_receiver_true,old,62018.8,59677.7,63817.6,135949.4,2063892.0,256,0,256,5632,5632
2,speed_read_cleared_receiver_false,new,35241.4,34265.2,36970.7,77234.8,3632091.2,0,0,0,0,0
2,speed_read_cleared_receiver_false,old,42993.4,41301.6,44618.8,94242.7,2977204.0,128,0,128,512,512
2,speed_read_cleared_receiver_true,new,54909.4,53207.0,56174.6,120328.0,2331113.8,128,0,128,5120,5120
2,speed_read_cleared_receiver_true,old,62537.9,59885.2,68334.8,137064.9,2046759.2,256,0,256,5632,5632
3,phase_1_peak_false_before,old,2847.9,2754.1,3198.2,6245.9,44946162.8,0,0,0,0,0
3,phase_1_peak_false_before,new,2435.5,2318.0,2696.1,5337.5,52554931.8,0,0,0,0,0
3,phase_1_peak_false_late,old,2663.7,2372.1,3025.0,5843.8,48053966.9,0,0,0,0,0
3,phase_1_peak_false_late,new,2550.0,2195.3,2752.7,5590.4,50196078.4,0,0,0,0,0
3,phase_1_peak_false_after,old,2133.6,1996.5,2415.8,4686.7,59992676.7,0,0,0,0,0
3,phase_1_peak_false_after,new,1874.4,1686.5,2048.4,4117.8,68288006.7,0,0,0,0,0
3,phase_1_peak_true_before,old,3091.6,2364.8,3200.2,6782.2,41402489.1,0,0,0,0,0
3,phase_1_peak_true_before,new,2654.7,2367.4,2965.6,5822.8,48216598.0,0,0,0,0,0
3,phase_1_peak_true_late,old,2762.5,2643.2,3073.4,6045.7,46334841.6,0,0,0,0,0
3,phase_1_peak_true_late,new,2510.7,2444.9,2618.2,5514.5,50980941.3,0,0,0,0,0
3,phase_1_peak_true_after,old,2078.5,1924.6,2136.3,4531.5,61582409.3,0,0,0,0,0
3,phase_1_peak_true_after,new,1664.5,1531.4,1925.8,3656.9,76902135.6,0,0,0,0,0
3,phase_2_peak_false_before,old,2653.7,2535.0,2964.5,5818.9,48234341.7,0,0,0,0,0
3,phase_2_peak_false_before,new,2627.7,2125.6,2822.1,5753.3,48711164.0,0,0,0,0,0
3,phase_2_peak_false_late,old,4116.6,3776.4,4276.8,9031.2,31093609.1,0,0,0,0,0
3,phase_2_peak_false_late,new,2993.0,2735.7,3408.6,6566.6,42766901.6,0,0,0,0,0
3,phase_2_peak_false_after,old,1977.7,1911.7,2093.0,4310.7,64720521.4,0,0,0,0,0
3,phase_2_peak_false_after,new,1695.9,1483.0,2164.3,3725.9,75476217.9,0,0,0,0,0
3,phase_2_peak_true_before,old,3055.9,2596.5,3446.1,6703.8,41886744.2,0,0,0,0,0
3,phase_2_peak_true_before,new,2521.1,2405.7,3273.2,5530.4,50771614.5,0,0,0,0,0
3,phase_2_peak_true_late,old,4050.2,3865.6,4446.1,8885.9,31603414.2,0,0,0,0,0
3,phase_2_peak_true_late,new,3192.8,2941.8,3627.5,7001.3,40090536.5,0,0,0,0,0
3,phase_2_peak_true_after,old,2249.8,1787.1,2600.2,4932.3,56893827.6,0,0,0,0,0
3,phase_2_peak_true_after,new,1770.9,1487.3,1936.3,3890.6,72279695.6,0,0,0,0,0
3,phase_8_peak_false_before,old,2958.8,2829.1,3150.0,6487.3,43260941.3,0,0,0,0,0
3,phase_8_peak_false_before,new,2353.3,2275.2,2506.4,5161.7,54391235.8,0,0,0,0,0
3,phase_8_peak_false_late,old,12845.9,12466.4,13225.8,28149.6,9964270.0,0,0,0,0,0
3,phase_8_peak_false_late,new,4419.3,4075.4,4758.4,9697.4,28963627.5,0,0,0,0,0
3,phase_8_peak_false_after,old,2049.0,1924.6,2201.0,4501.5,62468782.8,0,0,0,0,0
3,phase_8_peak_false_after,new,1700.8,1581.8,1910.5,3729.4,75259531.5,0,0,0,0,0
3,phase_8_peak_true_before,old,2913.3,2775.8,3250.0,6398.1,43936712.3,0,0,0,0,0
3,phase_8_peak_true_before,new,2589.3,2481.6,2680.9,5680.4,49435015.5,0,0,0,0,0
3,phase_8_peak_true_late,old,12836.9,12206.6,13436.9,28159.9,9971243.8,0,0,0,0,0
3,phase_8_peak_true_late,new,4367.0,4181.2,4926.0,9578.3,29310792.1,0,0,0,0,0
3,phase_8_peak_true_after,old,2011.7,1862.7,2153.9,4418.7,63627184.5,0,0,0,0,0
3,phase_8_peak_true_after,new,1765.8,1582.8,2065.4,3872.1,72487556.7,0,0,0,0,0
3,phase_32_peak_false_before,old,2883.4,2500.8,3264.6,6287.5,44392061.2,0,0,0,0,0
3,phase_32_peak_false_before,new,2508.2,2172.3,2786.9,5508.9,51032549.4,0,0,0,0,0
3,phase_32_peak_false_late,old,51614.5,50135.0,54852.3,113157.8,2479925.5,0,0,0,0,0
3,phase_32_peak_false_late,new,9114.8,8810.7,9610.4,19972.8,14043027.3,0,0,0,0,0
3,phase_32_peak_false_after,old,2156.1,2111.7,2275.0,4725.7,59367696.3,0,0,0,0,0
3,phase_32_peak_false_after,new,1703.1,1524.0,2142.6,3741.8,75155963.3,0,0,0,0,0
3,phase_32_peak_true_before,old,2903.3,2535.7,3094.9,6366.4,44087453.8,0,0,0,0,0
3,phase_32_peak_true_before,new,2502.1,2133.8,3506.8,5470.4,51156037.8,0,0,0,0,0
3,phase_32_peak_true_late,old,51324.2,50180.9,52288.3,112522.0,2493949.3,0,0,0,0,0
3,phase_32_peak_true_late,new,9654.1,9440.4,9993.0,21114.4,13258613.4,0,0,0,0,0
3,phase_32_peak_true_after,old,2069.7,1990.8,2167.2,4537.9,61843918.1,0,0,0,0,0
3,phase_32_peak_true_after,new,1654.1,1582.4,1834.8,3633.8,77383398.3,0,0,0,0,0
3,phase_128_peak_false_before,old,2639.3,2509.6,2975.0,5764.0,48498482.9,0,0,0,0,0
3,phase_128_peak_false_before,new,2281.4,2068.9,2671.5,5010.8,56104785.5,0,0,0,0,0
3,phase_128_peak_false_late,old,200628.9,199074.2,205847.9,439620.8,637993.8,0,0,0,0,0
3,phase_128_peak_false_late,new,30805.5,29301.2,31956.1,67504.0,4155106.4,0,0,0,0,0
3,phase_128_peak_false_after,old,2028.3,1974.6,2086.9,4455.6,63106403.5,0,0,0,0,0
3,phase_128_peak_false_after,new,1673.0,1567.2,2030.5,3668.9,76507121.2,0,0,0,0,0
3,phase_128_peak_true_before,old,2959.2,2624.2,3944.7,6489.4,43255230.7,0,0,0,0,0
3,phase_128_peak_true_before,new,2508.2,2353.1,2714.1,5501.6,51032549.4,0,0,0,0,0
3,phase_128_peak_true_late,old,202230.3,201448.8,206670.1,443140.5,632941.8,0,0,0,0,0
3,phase_128_peak_true_late,new,31492.2,31056.1,32298.6,69044.8,4064500.1,0,0,0,0,0
3,phase_128_peak_true_after,old,2010.4,1843.9,2434.2,4404.6,63670455.6,0,0,0,0,0
3,phase_128_peak_true_after,new,1780.7,1474.2,1855.5,3901.7,71883294.9,0,0,0,0,0
3,sample_stream_0,old,31.2,31.2,34.4,116.6,0.0,0,0,0,0,0
3,sample_stream_0,new,15.6,15.6,596.9,75.5,0.0,0,0,0,0,0
3,sample_stream_1,old,959.4,953.1,1515.6,2147.0,1042345.3,2,0,2,1868,1868
3,sample_stream_1,new,731.2,687.5,1256.2,1653.1,1367521.4,1,0,1,1360,1360
3,sample_stream_16,old,35443.8,30728.1,42878.1,77655.0,451419.5,10,4,10,50336,50336
3,sample_stream_16,new,7968.8,6703.1,8996.9,17532.6,2007843.1,9,4,9,42208,42208
3,sample_stream_256,old,246781.2,213118.8,274196.9,540244.4,1037356.0,147,8,147,825878,825878
3,sample_stream_256,new,186878.1,183975.0,202628.1,409360.6,1369876.8,146,8,146,695830,695830
3,sample_stream_1024,old,1550553.1,1475381.2,1606331.2,3396179.4,660409.5,586,10,586,3307616,3307616
3,sample_stream_1024,new,1206431.2,1088021.9,1345453.1,2638815.2,848784.4,585,10,585,2787424,2787424
3,explosion_1_overlap_false,old,1218.8,1175.0,2206.2,2771.2,820512.8,3,1,3,5112,5112
3,explosion_1_overlap_false,new,1075.0,1068.8,1112.5,2455.6,930232.6,2,1,2,4096,4096
3,explosion_1_overlap_true,old,1175.0,1168.8,3475.0,2675.1,851063.8,3,1,3,5112,5112
3,explosion_1_overlap_true,new,1187.5,1181.2,1237.5,2716.3,842105.3,2,1,2,4096,4096
3,explosion_16_overlap_false,old,76062.5,68343.8,78050.0,166586.8,210353.3,9,9,9,102128,102128
3,explosion_16_overlap_false,new,27687.5,25318.8,29493.8,60499.7,577878.1,5,9,5,85872,85872
3,explosion_16_overlap_true,old,13243.8,11900.0,21812.5,29166.1,1208117.0,9,7,9,36848,36848
3,explosion_16_overlap_true,new,10625.0,10600.0,14968.8,23431.6,1505882.4,5,7,5,20592,20592
3,explosion_128_overlap_false,old,395981.2,367043.8,402225.0,866599.6,323247.6,9,24,9,826992,826992
3,explosion_128_overlap_false,new,172031.2,164587.5,180731.2,376291.6,744050.9,5,24,5,696944,696944
3,explosion_128_overlap_true,old,104831.2,99043.8,116987.5,229871.4,1221010.0,9,19,9,136176,136176
3,explosion_128_overlap_true,new,71450.0,64943.8,78562.5,156860.2,1791462.6,5,19,5,22384,22384
3,explosion_512_overlap_false,old,2544181.2,2534500.0,2596200.0,5574668.9,201243.5,9,34,9,3312240,3312240
3,explosion_512_overlap_false,new,2136750.0,2103956.2,2181350.0,4675144.1,239616.2,5,34,5,2792048,2792048
3,explosion_512_overlap_true,old,549193.8,498725.0,575931.2,1203998.8,932275.7,9,27,9,337392,337392
3,explosion_512_overlap_true,new,346650.0,333100.0,367031.2,760457.8,1476994.1,5,27,5,28528,28528
3,speed_install,old,1512.5,1321.9,2215.6,3402.2,661157.0,8,0,0,378,0
3,speed_install,new,2428.1,1909.4,3859.4,5384.6,411840.4,9,1,0,778,128
3,speed_read_default_receiver_false,old,29888.7,29194.5,32019.1,65537.0,4282559.0,0,0,0,0,0
3,speed_read_default_receiver_false,new,30647.7,30085.5,31459.4,67167.9,4176502.1,0,0,0,0,0
3,speed_read_default_receiver_true,old,52638.3,50997.7,53864.8,115397.0,2431690.3,128,0,128,5120,5120
3,speed_read_default_receiver_true,new,51781.2,50087.1,52623.8,113543.2,2471937.2,128,0,128,5120,5120
3,speed_read_active_receiver_false,old,56559.4,56193.0,58620.3,123990.1,2263108.5,128,0,128,512,512
3,speed_read_active_receiver_false,new,49798.4,48984.8,51533.6,109174.7,2570361.8,0,0,0,0,0
3,speed_read_active_receiver_true,old,78915.2,77910.5,87607.0,173019.2,1621993.5,256,0,256,5632,5632
3,speed_read_active_receiver_true,new,70110.5,69498.4,84856.2,153728.9,1825688.2,128,0,128,5120,5120
3,speed_read_inactive_receiver_false,old,42147.7,41598.4,46018.0,92358.9,3036942.3,128,0,128,512,512
3,speed_read_inactive_receiver_false,new,36344.5,35135.9,38222.3,79666.5,3521850.3,0,0,0,0,0
3,speed_read_inactive_receiver_true,old,63950.0,63143.4,65727.0,140207.3,2001563.7,256,0,256,5632,5632
3,speed_read_inactive_receiver_true,new,56480.5,56021.1,58502.0,123815.1,2266270.1,128,0,128,5120,5120
3,speed_read_cleared_receiver_false,old,42813.7,41942.6,44085.9,93866.3,2989699.2,128,0,128,512,512
3,speed_read_cleared_receiver_false,new,36390.2,35151.2,37597.7,79745.4,3517427.2,0,0,0,0,0
3,speed_read_cleared_receiver_true,old,63566.4,63280.1,65384.0,139295.0,2013642.2,256,0,256,5632,5632
3,speed_read_cleared_receiver_true,new,56991.0,55868.0,57858.2,124901.5,2245968.0,128,0,128,5120,5120
4,phase_1_peak_false_before,new,2351.4,2044.5,2672.5,5164.7,54436415.0,0,0,0,0,0
4,phase_1_peak_false_before,old,2754.1,2288.7,3338.1,6037.1,46476136.4,0,0,0,0,0
4,phase_1_peak_false_late,new,2261.5,2108.0,2603.7,4960.6,56599015.5,0,0,0,0,0
4,phase_1_peak_false_late,old,2571.9,2133.4,2836.3,5642.3,49769137.3,0,0,0,0,0
4,phase_1_peak_false_after,new,1445.5,1250.4,1587.7,3167.3,88550195.9,0,0,0,0,0
4,phase_1_peak_false_after,old,1791.6,1564.1,1879.3,3936.4,71444456.6,0,0,0,0,0
4,phase_1_peak_true_before,new,2204.1,1827.9,2659.0,4832.4,58073549.0,0,0,0,0,0
4,phase_1_peak_true_before,old,2531.1,2252.9,2839.1,5526.1,50571803.4,0,0,0,0,0
4,phase_1_peak_true_late,new,2278.7,2091.6,2415.2,4997.5,56172109.4,0,0,0,0,0
4,phase_1_peak_true_late,old,2442.0,2409.4,2661.1,5333.2,52416220.1,0,0,0,0,0
4,phase_1_peak_true_after,new,1328.9,1283.2,1346.1,2920.0,96319811.9,0,0,0,0,0
4,phase_1_peak_true_after,old,1813.5,1725.8,1926.4,3984.0,70582660.2,0,0,0,0,0
4,phase_2_peak_false_before,new,2253.1,2060.7,2570.7,4903.2,56809986.1,0,0,0,0,0
4,phase_2_peak_false_before,old,2432.6,2369.9,2619.9,5332.3,52618225.6,0,0,0,0,0
4,phase_2_peak_false_late,new,2911.3,2697.9,3206.4,6383.9,43966188.1,0,0,0,0,0
4,phase_2_peak_false_late,old,3848.4,3511.5,4195.3,8443.5,33260251.7,0,0,0,0,0
4,phase_2_peak_false_after,new,1337.5,1283.2,1514.5,2928.1,95700934.6,0,0,0,0,0
4,phase_2_peak_false_after,old,1799.8,1668.0,2044.1,3954.0,71118828.0,0,0,0,0,0
4,phase_2_peak_true_before,new,2264.6,2186.1,2626.0,4974.3,56520914.2,0,0,0,0,0
4,phase_2_peak_true_before,old,2461.9,2398.4,2562.5,5398.3,51992066.6,0,0,0,0,0
4,phase_2_peak_true_late,new,2993.0,2864.3,3099.8,6564.8,42766901.6,0,0,0,0,0
4,phase_2_peak_true_late,old,3951.4,3832.6,4100.4,8648.4,32393851.0,0,0,0,0,0
4,phase_2_peak_true_after,new,1334.8,1293.9,1532.8,2933.2,95896985.7,0,0,0,0,0
4,phase_2_peak_true_after,old,1828.7,1775.0,1928.5,4017.9,69994659.8,0,0,0,0,0
4,phase_8_peak_false_before,new,2204.3,2053.3,2374.4,4835.0,58068403.3,0,0,0,0,0
4,phase_8_peak_false_before,old,2368.6,2243.8,2610.2,5197.3,54041395.2,0,0,0,0,0
4,phase_8_peak_false_late,new,4145.7,3693.2,4529.3,9095.1,30875341.6,0,0,0,0,0
4,phase_8_peak_false_late,old,12794.3,12489.1,15409.0,28065.6,10004427.0,0,0,0,0,0
4,phase_8_peak_false_after,new,1258.2,1162.9,1569.9,2767.3,101732381.2,0,0,0,0,0
4,phase_8_peak_false_after,old,1769.1,1639.6,2085.5,3876.4,72351512.5,0,0,0,0,0
4,phase_8_peak_true_before,new,2162.3,1925.0,2675.0,4749.3,59196097.9,0,0,0,0,0
4,phase_8_peak_true_before,old,2273.4,2057.8,2653.7,4987.2,56302405.5,0,0,0,0,0
4,phase_8_peak_true_late,new,4204.3,3992.2,4648.2,9133.7,30445043.2,0,0,0,0,0
4,phase_8_peak_true_late,old,13067.6,12595.3,13304.9,28650.3,9795235.1,0,0,0,0,0
4,phase_8_peak_true_after,new,1351.4,1200.4,1490.2,2970.5,94718890.0,0,0,0,0,0
4,phase_8_peak_true_after,old,1823.2,1522.9,2060.0,3996.4,70204606.3,0,0,0,0,0
4,phase_32_peak_false_before,new,2216.8,1997.3,2523.2,4871.4,57740969.2,0,0,0,0,0
4,phase_32_peak_false_before,old,2417.0,2068.9,2652.3,5295.9,52958383.8,0,0,0,0,0
4,phase_32_peak_false_late,new,9393.6,8611.3,10935.9,20599.1,13626364.5,0,0,0,0,0
4,phase_32_peak_false_late,old,50681.1,48843.0,55412.9,111087.6,2525598.6,0,0,0,0,0
4,phase_32_peak_false_after,new,1231.4,1127.5,1512.3,2706.5,103942902.5,0,0,0,0,0
4,phase_32_peak_false_after,old,1714.3,1516.4,2247.7,3766.2,74667882.0,0,0,0,0,0
4,phase_32_peak_true_before,new,2079.1,1866.6,2253.9,4558.1,61565054.0,0,0,0,0,0
4,phase_32_peak_true_before,old,2223.8,2127.5,2681.4,4884.7,57558405.1,0,0,0,0,0
4,phase_32_peak_true_late,new,9651.0,9413.1,10306.8,21157.7,13262906.5,0,0,0,0,0
4,phase_32_peak_true_late,old,50962.1,49588.1,54465.0,111712.6,2511670.0,0,0,0,0,0
4,phase_32_peak_true_after,new,1358.2,1162.7,1478.3,2984.7,94242162.8,0,0,0,0,0
4,phase_32_peak_true_after,old,1797.9,1769.1,2023.6,3942.9,71196089.1,0,0,0,0,0
4,phase_128_peak_false_before,new,2209.0,1997.5,2398.0,4842.3,57945181.3,0,0,0,0,0
4,phase_128_peak_false_before,old,2282.6,2069.3,2679.9,5015.9,56075981.9,0,0,0,0,0
4,phase_128_peak_false_late,new,30807.0,28457.2,31521.3,67377.9,4154895.6,0,0,0,0,0
4,phase_128_peak_false_late,old,201540.4,197894.3,205075.6,441784.0,635108.3,0,0,0,0,0
4,phase_128_peak_false_after,new,1388.9,1329.1,1552.7,3052.4,92161440.0,0,0,0,0,0
4,phase_128_peak_false_after,old,1874.4,1563.9,1981.4,4117.8,68288006.7,0,0,0,0,0
4,phase_128_peak_true_before,new,2118.0,1983.4,2505.5,4652.4,60435263.7,0,0,0,0,0
4,phase_128_peak_true_before,old,2398.6,2168.8,2849.0,5268.0,53363732.6,0,0,0,0,0
4,phase_128_peak_true_late,new,31171.7,30480.3,33002.1,68348.5,4106291.4,0,0,0,0,0
4,phase_128_peak_true_late,old,203753.5,200096.5,217184.2,446356.3,628210.0,0,0,0,0,0
4,phase_128_peak_true_after,new,1330.1,1329.9,1342.0,2923.0,96234948.6,0,0,0,0,0
4,phase_128_peak_true_after,old,1789.6,1789.1,1821.5,3931.7,71522427.2,0,0,0,0,0
4,sample_stream_0,new,18.8,18.8,21.9,89.2,0.0,0,0,0,0,0
4,sample_stream_0,old,37.5,37.5,40.6,130.3,0.0,0,0,0,0,0
4,sample_stream_1,new,728.1,725.0,734.4,1646.2,1373390.6,1,0,1,1360,1360
4,sample_stream_1,old,1059.4,1056.2,1071.9,2373.3,943952.8,2,0,2,1868,1868
4,sample_stream_16,new,7378.1,7353.1,8015.6,16249.8,2168572.6,9,4,9,42208,42208
4,sample_stream_16,old,34315.6,34121.9,35609.4,75384.5,466259.9,10,4,10,50336,50336
4,sample_stream_256,new,207628.1,201484.4,215328.1,455174.4,1232973.6,146,8,146,695830,695830
4,sample_stream_256,old,222840.6,210250.0,251934.4,488360.1,1148803.1,147,8,147,825878,825878
4,sample_stream_1024,new,1363440.6,1354406.2,1425018.8,2983800.7,751041.1,585,10,585,2787424,2787424
4,sample_stream_1024,old,1380659.4,1342625.0,1427846.9,3021801.7,741674.6,586,10,586,3307616,3307616
4,explosion_1_overlap_false,new,1193.8,1181.2,1343.8,2716.3,837696.3,2,1,2,4096,4096
4,explosion_1_overlap_false,old,1312.5,1268.8,2306.2,2977.0,761904.8,3,1,3,5112,5112
4,explosion_1_overlap_true,new,1181.2,1175.0,1187.5,2688.9,846560.8,2,1,2,4096,4096
4,explosion_1_overlap_true,old,1300.0,1293.8,1337.5,2949.6,769230.8,3,1,3,5112,5112
4,explosion_16_overlap_false,new,28556.2,26981.2,31456.2,62845.6,560297.7,5,9,5,85872,85872
4,explosion_16_overlap_false,old,86868.8,79750.0,97531.2,190457.4,184185.9,9,9,9,102128,102128
4,explosion_16_overlap_true,new,10525.0,10500.0,10568.8,23212.1,1520190.0,5,7,5,20592,20592
4,explosion_16_overlap_true,old,27450.0,14156.2,28781.2,60005.8,582878.0,9,7,9,36848,36848
4,explosion_128_overlap_false,new,171875.0,168531.2,194575.0,377114.7,744727.3,5,24,5,696944,696944
4,explosion_128_overlap_false,old,338925.0,303043.8,361275.0,743103.5,377664.7,9,24,9,826992,826992
4,explosion_128_overlap_true,new,67793.8,62406.2,75118.8,148628.9,1888079.7,5,19,5,22384,22384
4,explosion_128_overlap_true,old,107075.0,103912.5,114793.8,234453.4,1195423.8,9,19,9,136176,136176
4,explosion_512_overlap_false,new,2215200.0,2208131.2,2337118.8,4855751.4,231130.4,5,34,5,2792048,2792048
4,explosion_512_overlap_false,old,2568612.5,2532350.0,2644693.8,5623466.4,199329.4,9,34,9,3312240,3312240
4,explosion_512_overlap_true,new,339406.2,333600.0,349418.8,744173.6,1508516.7,5,27,5,28528,28528
4,explosion_512_overlap_true,old,531218.8,511268.8,566856.2,1164817.9,963821.4,9,27,9,337392,337392
4,speed_install,old,1481.2,1268.8,1621.9,3319.9,675105.5,8,0,0,378,0
4,speed_install,new,2550.0,1943.8,3231.2,5652.1,392156.9,9,1,0,778,128
4,speed_read_default_receiver_false,new,30292.2,29797.3,32783.6,66153.5,4225511.9,0,0,0,0,0
4,speed_read_default_receiver_false,old,30000.8,28952.3,30271.1,65768.5,4266555.6,0,0,0,0,0
4,speed_read_default_receiver_true,new,50818.4,49492.6,51837.1,111422.0,2518774.7,128,0,128,5120,5120
4,speed_read_default_receiver_true,old,48939.8,47995.7,51157.8,107327.8,2615455.8,128,0,128,5120,5120
4,speed_read_active_receiver_false,new,49514.5,48478.1,50920.7,108554.8,2585103.8,0,0,0,0,0
4,speed_read_active_receiver_false,old,56025.8,54673.0,57432.0,122689.4,2284662.5,128,0,128,512,512
4,speed_read_active_receiver_true,new,68994.9,68247.3,70349.2,151114.6,1855209.0,128,0,128,5120,5120
4,speed_read_active_receiver_true,old,77044.5,75399.2,78718.4,168752.6,1661376.8,256,0,256,5632,5632
4,speed_read_inactive_receiver_false,new,34916.4,33682.8,36388.3,76552.3,3665898.5,0,0,0,0,0
4,speed_read_inactive_receiver_false,old,42673.4,41088.3,43309.8,93549.0,2999524.0,128,0,128,512,512
4,speed_read_inactive_receiver_true,new,56259.4,55655.9,58537.9,123259.5,2275176.4,128,0,128,5120,5120
4,speed_read_inactive_receiver_true,old,62545.7,60395.3,67192.6,137128.3,2046503.5,256,0,256,5632,5632
4,speed_read_cleared_receiver_false,new,36284.0,34262.1,37528.1,79535.3,3527727.2,0,0,0,0,0
4,speed_read_cleared_receiver_false,old,43113.3,42333.6,43729.7,94613.9,2968922.7,128,0,128,512,512
4,speed_read_cleared_receiver_true,new,54893.8,53771.5,71239.1,120273.1,2331777.3,128,0,128,5120,5120
4,speed_read_cleared_receiver_true,old,60598.8,59180.9,65543.8,132879.0,2112252.1,256,0,256,5632,5632
5,phase_1_peak_false_before,old,2387.3,2281.4,2679.7,5223.0,53616951.6,0,0,0,0,0
5,phase_1_peak_false_before,new,2182.2,2092.6,2351.4,4781.4,58655687.8,0,0,0,0,0
5,phase_1_peak_false_late,old,2403.1,2179.5,2519.7,5264.6,53263979.2,0,0,0,0,0
5,phase_1_peak_false_late,new,2261.3,2075.8,2728.9,4959.8,56603904.0,0,0,0,0,0
5,phase_1_peak_false_after,old,1771.1,1626.6,2222.1,3879.4,72271724.7,0,0,0,0,0
5,phase_1_peak_false_after,new,1311.1,1200.4,1486.7,2873.2,97625502.8,0,0,0,0,0
5,phase_1_peak_true_before,old,2505.7,2222.3,2935.7,5492.6,51084262.2,0,0,0,0,0
5,phase_1_peak_true_before,new,2230.5,2004.9,2411.9,4892.0,57387040.3,0,0,0,0,0
5,phase_1_peak_true_late,old,2517.8,2289.5,2595.5,5522.2,50838569.5,0,0,0,0,0
5,phase_1_peak_true_late,new,2087.1,2007.0,2495.9,4585.1,61328841.5,0,0,0,0,0
5,phase_1_peak_true_after,old,1665.4,1563.7,2018.9,3626.9,76857042.3,0,0,0,0,0
5,phase_1_peak_true_after,new,1375.6,1326.4,1472.7,3015.6,93051256.6,0,0,0,0,0
5,phase_2_peak_false_before,old,2377.7,2210.5,2693.0,5215.3,53832758.3,0,0,0,0,0
5,phase_2_peak_false_before,new,2186.5,1925.4,2614.8,4793.8,58540419.8,0,0,0,0,0
5,phase_2_peak_false_late,old,4226.6,3753.1,6535.7,9271.7,30284658.0,0,0,0,0,0
5,phase_2_peak_false_late,new,2643.6,2484.2,2976.4,5799.2,48419652.8,0,0,0,0,0
5,phase_2_peak_false_after,old,1954.1,1760.9,2305.1,4290.5,65503248.4,0,0,0,0,0
5,phase_2_peak_false_after,new,1403.3,1329.3,1508.2,3083.7,91212247.7,0,0,0,0,0
5,phase_2_peak_true_before,old,2400.2,2115.2,3718.9,5265.4,53328993.4,0,0,0,0,0
5,phase_2_peak_true_before,new,1982.6,1866.4,2344.5,4354.8,64561127.0,0,0,0,0,0
5,phase_2_peak_true_late,old,4982.6,4590.4,5287.3,10856.2,25689310.5,0,0,0,0,0
5,phase_2_peak_true_late,new,3062.7,2492.0,3353.1,6716.2,41793253.0,0,0,0,0,0
5,phase_2_peak_true_after,old,1840.0,1516.4,2252.1,4042.3,69563740.6,0,0,0,0,0
5,phase_2_peak_true_after,new,1177.3,1127.5,1460.7,2587.7,108719309.9,0,0,0,0,0
5,phase_8_peak_false_before,old,2429.9,2084.4,2917.0,5336.6,52677437.5,0,0,0,0,0
5,phase_8_peak_false_before,new,2300.2,1950.4,2561.1,5026.2,55647448.4,0,0,0,0,0
5,phase_8_peak_false_late,old,13483.0,11926.8,15426.8,29562.6,9493430.7,0,0,0,0,0
5,phase_8_peak_false_late,new,4095.3,3628.3,4532.4,8975.9,31255246.1,0,0,0,0,0
5,phase_8_peak_false_after,old,1777.3,1614.1,2239.3,3904.3,72017582.4,0,0,0,0,0
5,phase_8_peak_false_after,new,1257.2,1162.9,1455.7,2762.6,101811402.8,0,0,0,0,0
5,phase_8_peak_true_before,old,2356.8,2254.9,2588.3,5176.3,54310101.9,0,0,0,0,0
5,phase_8_peak_true_before,new,2140.0,1902.9,3553.5,4693.5,59811992.3,0,0,0,0,0
5,phase_8_peak_true_late,old,13549.2,12384.6,14270.7,29717.8,9447039.2,0,0,0,0,0
5,phase_8_peak_true_late,new,4400.8,4125.0,5398.8,9656.3,29085744.7,0,0,0,0,0
5,phase_8_peak_true_after,old,1775.0,1726.0,1972.9,3886.3,72112676.1,0,0,0,0,0
5,phase_8_peak_true_after,new,1379.1,1283.0,1522.7,3030.6,92814049.0,0,0,0,0,0
5,phase_32_peak_false_before,old,2444.1,2287.1,2918.9,5359.3,52370145.4,0,0,0,0,0
5,phase_32_peak_false_before,new,2220.7,2053.3,2373.4,4854.3,57639401.9,0,0,0,0,0
5,phase_32_peak_false_late,old,50565.0,49795.1,52644.1,110715.9,2531393.3,0,0,0,0,0
5,phase_32_peak_false_late,new,8910.2,8361.1,9930.9,19546.6,14365629.1,0,0,0,0,0
5,phase_32_peak_false_after,old,1731.1,1563.7,2044.9,3803.1,73943360.0,0,0,0,0,0
5,phase_32_peak_false_after,new,1142.6,1127.5,1556.6,2504.1,112027350.4,0,0,0,0,0
5,phase_32_peak_true_before,old,2698.4,2533.6,2961.5,5926.5,47434858.1,0,0,0,0,0
5,phase_32_peak_true_before,new,2248.4,2153.3,2467.8,4904.0,56928422.5,0,0,0,0,0
5,phase_32_peak_true_late,old,50763.9,48797.5,53351.8,111223.9,2521478.5,0,0,0,0,0
5,phase_32_peak_true_late,new,9697.1,8579.7,10098.2,21240.5,13199863.0,0,0,0,0,0
5,phase_32_peak_true_after,old,1711.5,1633.4,2227.9,3760.2,74787173.3,0,0,0,0,0
5,phase_32_peak_true_after,new,1200.6,1162.9,1370.7,2640.9,106614608.8,0,0,0,0,0
5,phase_128_peak_false_before,old,2379.7,2148.8,2860.7,5226.8,53788575.2,0,0,0,0,0
5,phase_128_peak_false_before,new,2271.7,2062.1,2691.0,4981.2,56345972.0,0,0,0,0,0
5,phase_128_peak_false_late,old,201424.2,198355.1,211445.1,441312.0,635474.7,0,0,0,0,0
5,phase_128_peak_false_late,new,30432.6,29170.9,31720.9,66710.9,4206013.5,0,0,0,0,0
5,phase_128_peak_false_after,old,1685.4,1586.1,2041.2,3701.9,75948545.6,0,0,0,0,0
5,phase_128_peak_false_after,new,1340.8,1134.0,1693.4,2938.8,95463947.6,0,0,0,0,0
5,phase_128_peak_true_before,old,2607.0,2165.0,2766.8,5719.0,49097992.2,0,0,0,0,0
5,phase_128_peak_true_before,new,2187.1,1866.6,2480.9,4794.3,58524736.6,0,0,0,0,0
5,phase_128_peak_true_late,old,200908.0,196930.5,205279.1,440372.3,637107.5,0,0,0,0,0
5,phase_128_peak_true_late,new,32443.0,31252.3,32828.9,71106.9,3945384.9,0,0,0,0,0
5,phase_128_peak_true_after,old,1804.9,1787.5,1967.0,3942.9,70918731.7,0,0,0,0,0
5,phase_128_peak_true_after,new,1383.6,1200.4,1464.6,3040.8,92512704.7,0,0,0,0,0
5,sample_stream_0,old,34.4,34.4,40.6,123.5,0.0,0,0,0,0,0
5,sample_stream_0,new,18.8,18.8,18.8,89.2,0.0,0,0,0,0,0
5,sample_stream_1,old,762.5,731.2,1262.5,1714.8,1311475.4,2,0,2,1868,1868
5,sample_stream_1,new,578.1,571.9,1118.8,1317.0,1729729.7,1,0,1,1360,1360
5,sample_stream_16,old,6950.0,6906.2,10200.0,15296.4,2302158.3,10,4,10,50336,50336
5,sample_stream_16,new,8140.6,6903.1,9846.9,17930.4,1965451.1,9,4,9,42208,42208
5,sample_stream_256,old,407812.5,396962.5,544337.5,892253.8,627739.5,147,8,147,825878,825878
5,sample_stream_256,new,263318.8,250996.9,324256.2,576990.0,972205.7,146,8,146,695830,695830
5,sample_stream_1024,old,1653875.0,1524084.4,1732090.6,3622154.7,619152.0,586,10,586,3307616,3307616
5,sample_stream_1024,new,1223718.8,1200237.5,1402656.2,2676528.2,836793.6,585,10,585,2787424,2787424
5,explosion_1_overlap_false,old,1268.8,1200.0,2375.0,2880.9,788177.3,3,1,3,5112,5112
5,explosion_1_overlap_false,new,1206.2,1168.8,2262.5,2743.8,829015.5,2,1,2,4096,4096
5,explosion_1_overlap_true,old,1331.2,1318.8,1362.5,3031.8,751173.7,3,1,3,5112,5112
5,explosion_1_overlap_true,new,1200.0,1187.5,2162.5,2730.1,833333.3,2,1,2,4096,4096
5,explosion_16_overlap_false,old,16725.0,16681.2,28568.8,36821.1,956651.7,9,9,9,102128,102128
5,explosion_16_overlap_false,new,30493.8,24850.0,35812.5,67057.2,524697.7,5,9,5,85872,85872
5,explosion_16_overlap_true,old,11293.8,11262.5,16856.2,24885.8,1416712.8,9,7,9,36848,36848
5,explosion_16_overlap_true,new,10631.2,9262.5,13537.5,23459.1,1504997.1,5,7,5,20592,20592
5,explosion_128_overlap_false,old,413387.5,390487.5,505543.8,905272.9,309636.8,9,24,9,826992,826992
5,explosion_128_overlap_false,new,194150.0,173506.2,206050.0,425295.0,659284.1,5,24,5,696944,696944
5,explosion_128_overlap_true,old,95562.5,85825.0,109725.0,208744.5,1339437.5,9,19,9,136176,136176
5,explosion_128_overlap_true,new,68743.8,64825.0,73393.8,150714.2,1861987.5,5,19,5,22384,22384
5,explosion_512_overlap_false,old,2511962.5,2425468.8,2607625.0,5503290.3,203824.7,9,34,9,3312240,3312240
5,explosion_512_overlap_false,new,2092731.2,2043825.0,2160543.8,4585121.9,244656.4,5,34,5,2792048,2792048
5,explosion_512_overlap_true,old,554337.5,503031.2,584337.5,1214616.9,923625.0,9,27,9,337392,337392
5,explosion_512_overlap_true,new,343725.0,329793.8,387931.2,753694.4,1489562.9,5,27,5,28528,28528
5,speed_install,old,1387.5,1193.8,2100.0,3100.4,720720.7,8,0,0,378,0
5,speed_install,new,2775.0,1968.8,3050.0,6152.8,360360.4,9,1,0,778,128
5,speed_read_default_receiver_false,old,30602.3,29997.3,32664.8,67112.1,4182686.2,0,0,0,0,0
5,speed_read_default_receiver_false,new,30555.1,27843.4,34244.5,67018.7,4189156.4,0,0,0,0,0
5,speed_read_default_receiver_true,old,49591.8,47158.6,51573.4,108693.7,2581072.0,128,0,128,5120,5120
5,speed_read_default_receiver_true,new,50071.9,46094.9,52428.1,109468.8,2556325.3,128,0,128,5120,5120
5,speed_read_active_receiver_false,old,57134.4,55159.4,60099.2,125219.6,2240332.5,128,0,128,512,512
5,speed_read_active_receiver_false,new,50380.9,49095.7,53091.0,110321.9,2540647.4,0,0,0,0,0
5,speed_read_active_receiver_true,old,77189.8,73658.2,80982.4,169026.1,1658249.2,256,0,256,5632,5632
5,speed_read_active_receiver_true,new,69680.9,66187.5,71278.1,152776.3,1836946.3,128,0,128,5120,5120
5,speed_read_inactive_receiver_false,old,41931.6,41003.1,47883.2,91760.4,3052587.5,128,0,128,512,512
5,speed_read_inactive_receiver_false,new,35457.4,34952.7,36614.8,77553.0,3609963.5,0,0,0,0,0
5,speed_read_inactive_receiver_true,old,60916.0,58008.6,64087.9,133542.6,2101253.6,256,0,256,5632,5632
5,speed_read_inactive_receiver_true,new,53515.6,52752.7,54470.7,117159.8,2391824.8,128,0,128,5120,5120
5,speed_read_cleared_receiver_false,old,41044.5,38596.5,42475.8,89911.0,3118564.1,128,0,128,512,512
5,speed_read_cleared_receiver_false,new,35908.6,33823.8,39005.9,78665.9,3564606.3,0,0,0,0,0
5,speed_read_cleared_receiver_true,old,59969.1,58856.6,62978.1,131487.4,2134431.1,256,0,256,5632,5632
5,speed_read_cleared_receiver_true,new,55085.2,53224.2,56305.1,120743.9,2323675.0,128,0,128,5120,5120
