run,kind,ownership,variant,ns_op,min_ns_op,max_ns_op,thread_cycles_op,layer_refs_s,allocs,reallocs,frees,allocated_bytes,freed_bytes
1,model,shared,before,2475.2,2192.0,2716.5,6845.9,43632920.4,8,0,8,8128,8128
1,model,shared,after,108.3,93.6,130.6,1673.7,997222723.2,0,0,0,0,0
1,model,colors,before,18226.0,17790.9,20596.8,41746.4,5925608.4,72,0,72,73152,73152
1,model,colors,after,298.3,263.7,310.4,2110.8,362003273.3,0,0,0,0,0
1,static,shared,before,2714.6,2608.5,2937.0,7481.0,39785588.4,8,0,8,8128,8128
1,static,shared,after,487.3,457.4,530.2,2425.0,221627254.5,0,0,0,0,0
1,static,colors,before,19466.8,19139.4,20161.7,44167.7,5547908.1,72,0,72,73152,73152
1,static,colors,after,3774.2,3635.9,4125.3,9816.2,28615193.5,0,0,0,0,0
1,atlas,shared,before,7993.6,7530.5,8545.4,18895.9,13510885.2,68,0,56,18328,15064
1,atlas,shared,after,6915.1,6667.6,7535.3,16574.8,15617912.5,64,0,52,14296,11032
1,atlas,colors,before,67983.1,65981.0,68691.6,149801.7,1588630.0,612,0,504,164952,135576
1,atlas,colors,after,50280.4,49221.6,51241.8,111526.6,2147955.5,540,0,432,91800,62424
1,animated,shared,before,2454.8,2327.6,2571.9,6703.5,43995703.5,8,0,8,8128,8128
1,animated,shared,after,109.8,102.7,157.7,1745.7,983914590.7,0,0,0,0,0
1,animated,colors,before,17210.6,16678.4,17634.7,39314.5,6275186.3,72,0,72,73152,73152
1,animated,colors,after,690.1,656.4,726.9,3176.3,156490731.6,0,0,0,0,0
2,model,shared,after,108.9,87.7,119.3,1610.2,991856502.2,0,0,0,0,0
2,model,shared,before,2635.9,2429.7,6047.9,7241.6,40972139.9,8,0,8,8128,8128
2,model,colors,after,302.6,274.2,353.4,2213.9,356863504.4,0,0,0,0,0
2,model,colors,before,18867.9,18433.5,19375.9,43091.2,5724016.2,72,0,72,73152,73152
2,static,shared,after,518.3,471.0,568.5,2670.0,208388920.3,0,0,0,0,0
2,static,shared,before,2949.5,2851.6,3119.7,7957.7,36616230.2,8,0,8,8128,8128
2,static,colors,after,4072.8,3953.5,4202.1,10705.1,26517683.7,0,0,0,0,0
2,static,colors,before,20394.4,19709.8,21433.3,46578.4,5295562.6,72,0,72,73152,73152
2,atlas,shared,after,7345.3,6937.3,7786.1,17448.3,14703254.6,64,0,52,14296,11032
2,atlas,shared,before,7417.0,7235.0,7981.2,17720.6,14561158.7,68,0,56,18328,15064
2,atlas,colors,after,51417.9,51224.0,54063.7,114187.4,2100437.0,540,0,432,91800,62424
2,atlas,colors,before,72692.6,71360.1,74560.0,160502.7,1485708.8,612,0,504,164952,135576
2,animated,shared,after,124.7,112.9,168.1,1800.6,866029757.2,0,0,0,0,0
2,animated,shared,before,2521.3,2466.0,2667.8,7093.0,42835231.2,8,0,8,8128,8128
2,animated,colors,after,715.7,694.2,740.2,3354.9,150896438.8,0,0,0,0,0
2,animated,colors,before,17570.4,17105.4,17863.9,40276.1,6146697.7,72,0,72,73152,73152
3,model,shared,before,2555.7,2373.8,2685.1,7181.8,42259075.3,8,0,8,8128,8128
3,model,shared,after,90.6,88.0,112.2,1573.6,1191724137.9,0,0,0,0,0
3,model,colors,before,19434.3,18381.8,20307.7,44074.9,5557191.5,72,0,72,73152,73152
3,model,colors,after,324.0,285.7,413.2,2248.8,333309222.4,0,0,0,0,0
3,static,shared,before,2658.3,2615.1,2766.5,7345.1,40627456.7,8,0,8,8128,8128
3,static,shared,after,458.2,435.6,586.7,2420.3,235703324.8,0,0,0,0,0
3,static,colors,before,19879.8,19467.2,20161.4,45292.0,5432654.3,72,0,72,73152,73152
3,static,colors,after,3845.2,3688.4,4020.9,10000.1,28086857.1,0,0,0,0,0
3,atlas,shared,before,7725.9,7538.1,8372.5,18270.6,13978992.1,68,0,56,18328,15064
3,atlas,shared,after,7182.3,6685.4,7735.1,17154.4,15036915.2,64,0,52,14296,11032
3,atlas,colors,before,66899.1,66375.1,68709.2,147486.0,1614371.0,612,0,504,164952,135576
3,atlas,colors,after,49988.1,49356.7,50315.3,110770.8,2160514.8,540,0,432,91800,62424
3,animated,shared,before,2320.5,2100.8,2387.9,6589.3,46541536.9,8,0,8,8128,8128
3,animated,shared,after,105.3,98.1,149.7,1620.5,1025899814.5,0,0,0,0,0
3,animated,colors,before,17074.9,16640.7,17376.4,39065.4,6325072.8,72,0,72,73152,73152
3,animated,colors,after,717.0,679.8,746.3,3182.1,150629256.3,0,0,0,0,0
