suite,run,case,variant,ns,min_ns,max_ns,cycles,throughput,allocs,reallocs,frees,allocated_bytes,freed_bytes
pack,1,runtime_key/0,old,360.9,358.6,432.7,792.4,2770937.6,2,2,2,80,80
pack,1,runtime_key/0,new,126.3,126.1,152.5,277.6,7918036.0,1,0,1,27,27
pack,1,compiler_key/0,old,495.2,440.4,544.5,1085.1,2019524.7,3,2,3,90,90
pack,1,compiler_key/0,new,142.1,142.0,183.9,312.5,7039010.1,1,0,1,27,27
pack,1,runtime_key/1,old,653.1,582.7,746.5,1387.5,1531157.7,2,4,2,140,140
pack,1,runtime_key/1,new,167.7,158.9,245.5,368.3,5963890.5,1,0,1,27,27
pack,1,compiler_key/1,old,1000.9,907.1,1086.0,2168.7,999121.9,6,4,6,708,708
pack,1,compiler_key/1,new,364.1,321.5,412.6,782.3,2746781.1,1,0,1,27,27
pack,1,runtime_key/6,old,1255.7,1098.6,1502.4,2715.5,796391.4,2,6,2,380,380
pack,1,runtime_key/6,new,326.5,308.3,429.7,716.5,3062887.9,1,0,1,27,27
pack,1,compiler_key/6,old,2314.2,2257.2,2472.6,5023.0,432108.5,16,6,16,1045,1045
pack,1,compiler_key/6,new,687.0,651.1,848.9,1505.8,1455631.0,1,0,1,27,27
pack,1,runtime_key/11,old,1675.8,1339.3,1994.4,3652.0,596745.3,2,7,2,700,700
pack,1,runtime_key/11,new,628.1,621.4,682.8,1363.4,1592163.6,1,0,1,27,27
pack,1,compiler_key/11,old,4330.6,4201.6,4470.4,9433.0,230912.8,26,7,26,1454,1454
pack,1,compiler_key/11,new,1483.3,1423.1,1510.3,3222.8,674161.0,1,0,1,27,27
pack,1,pack_load/0x0,old,960637.5,933612.5,996612.5,2099901.6,1041.0,51,25,51,167286,167286
pack,1,pack_load/0x0,new,779362.5,740862.5,859050.0,1693469.9,1283.1,47,25,47,166874,166874
pack,1,pack_load/1x1,old,1516725.0,1470337.5,1551525.0,3290030.6,659.3,76,35,76,171635,171635
pack,1,pack_load/1x1,new,1119825.0,1092012.5,1165587.5,2419082.0,893.0,68,35,68,170796,170796
pack,1,pack_load/64x4,old,129592625.0,125015312.5,131231687.5,280987493.9,493.9,5134,2589,5134,1089653,1089653
pack,1,pack_load/64x4,new,81140087.5,77502600.0,85543125.0,175100556.1,788.8,3975,2589,3975,950777,950777
pack,1,pack_load/512x4,old,1013925500.0,986124600.0,1053570250.0,2192739028.5,505.0,40681,20512,40681,7553151,7553151
pack,1,pack_load/512x4,new,610775900.0,604158000.0,617982450.0,1325913228.5,838.3,31455,20512,31455,6442067,6442067
workshop,1,workshop_choices/0x0,old,41.0,40.8,65.5,90.4,24380952.4,0,0,0,0,0
workshop,1,workshop_choices/0x0,new,11.8,11.1,15.3,26.2,84979253.1,0,0,0,0,0
workshop,1,workshop_choices/1x0,old,3550.0,3543.8,3625.0,7860.9,563380.3,32,0,32,2896,2896
workshop,1,workshop_choices/1x0,new,2637.5,2637.5,2693.8,5871.6,758293.8,20,0,20,2518,2518
workshop,1,workshop_choices/64x0,old,304381.2,284900.0,368881.2,650378.5,420525.2,2157,0,2157,94745,94745
workshop,1,workshop_choices/64x0,new,229356.2,211606.2,253043.8,500007.2,558083.8,1187,1,1187,66275,66275
workshop,1,workshop_choices/512x0,old,2493556.2,2461806.2,2571468.8,5424969.8,410658.5,17248,0,17248,779490,779490
workshop,1,workshop_choices/512x0,new,2075493.8,1962906.2,2282275.0,4510684.1,493376.6,9446,2,9446,546660,546660
workshop,1,workshop_choices/512x4,old,4044637.5,3775306.2,4163925.0,8774087.3,253174.7,25440,2048,25440,1467106,1467106
workshop,1,workshop_choices/512x4,new,2759712.5,2621862.5,3023443.8,5993091.1,371053.1,9446,1028,9446,776424,776424
pack,2,runtime_key/0,new,146.0,141.5,217.6,322.7,6847208.3,1,0,1,27,27
pack,2,runtime_key/0,old,375.3,347.5,549.6,822.6,2664411.6,2,2,2,80,80
pack,2,compiler_key/0,new,142.1,142.0,166.6,312.5,7039010.1,1,0,1,27,27
pack,2,compiler_key/0,old,475.7,442.8,645.9,1042.7,2102022.0,3,2,3,90,90
pack,2,runtime_key/1,new,188.5,173.1,231.3,414.0,5305012.3,1,0,1,27,27
pack,2,runtime_key/1,old,756.0,690.4,782.3,1657.2,1322741.1,2,4,2,140,140
pack,2,compiler_key/1,new,332.2,315.5,370.4,739.4,3010657.8,1,0,1,27,27
pack,2,compiler_key/1,old,1130.1,1038.8,1249.4,2420.6,884894.6,6,4,6,708,708
pack,2,runtime_key/6,new,411.0,357.4,456.8,882.7,2433315.5,1,0,1,27,27
pack,2,runtime_key/6,old,1298.5,1220.1,1386.2,2845.9,770098.5,2,6,2,380,380
pack,2,compiler_key/6,new,851.3,765.7,915.7,1861.7,1174615.0,1,0,1,27,27
pack,2,compiler_key/6,old,2629.0,2353.0,2814.9,5749.0,380375.7,16,6,16,1045,1045
pack,2,runtime_key/11,new,560.7,523.1,730.7,1167.4,1783506.1,1,0,1,27,27
pack,2,runtime_key/11,old,1493.3,1366.3,1606.8,3235.7,669664.0,2,7,2,700,700
pack,2,compiler_key/11,new,1349.1,1248.0,1509.2,2931.7,741236.7,1,0,1,27,27
pack,2,compiler_key/11,old,3691.3,3394.5,4047.0,8047.1,270908.4,26,7,26,1454,1454
pack,2,pack_load/0x0,new,721512.5,689975.0,755637.5,1566681.2,1386.0,47,25,47,166874,166874
pack,2,pack_load/0x0,old,974375.0,934037.5,1010625.0,2120452.5,1026.3,51,25,51,167286,167286
pack,2,pack_load/1x1,new,1078962.5,984325.0,1166487.5,2328154.4,926.8,68,35,68,170796,170796
pack,2,pack_load/1x1,old,1416350.0,1355862.5,1472225.0,3068116.0,706.0,76,35,76,171635,171635
pack,2,pack_load/64x4,new,80033025.0,76139950.0,82666100.0,173492252.9,799.7,3975,2590,3975,950785,950785
pack,2,pack_load/64x4,old,129804300.0,119972650.0,135913962.5,281878305.0,493.0,5134,2590,5134,1089661,1089661
pack,2,pack_load/512x4,new,652144500.0,627395550.0,685995450.0,1412576556.0,785.1,31455,20512,31455,6442067,6442067
pack,2,pack_load/512x4,old,1040373350.0,988321800.0,1090530400.0,2223475863.5,492.1,40681,20512,40681,7553151,7553151
workshop,2,workshop_choices/0x0,new,12.1,12.1,12.1,26.9,82580645.2,0,0,0,0,0
workshop,2,workshop_choices/0x0,old,44.3,39.5,83.1,97.6,22579933.8,0,0,0,0,0
workshop,2,workshop_choices/1x0,new,2900.0,2881.2,5518.8,6447.8,689655.2,20,0,20,2518,2518
workshop,2,workshop_choices/1x0,old,3687.5,3568.8,7075.0,8162.6,542372.9,32,0,32,2896,2896
workshop,2,workshop_choices/64x0,new,226768.8,207706.2,269212.5,497085.2,564451.7,1187,1,1187,66275,66275
workshop,2,workshop_choices/64x0,old,267756.2,259912.5,288518.8,586984.1,478046.7,2157,0,2157,94745,94745
workshop,2,workshop_choices/512x0,new,1985950.0,1949006.2,2832362.5,4320555.5,515622.2,9446,2,9446,546660,546660
workshop,2,workshop_choices/512x0,old,2667868.8,2496918.8,3105287.5,5640861.9,383827.0,17248,0,17248,779490,779490
workshop,2,workshop_choices/512x4,new,3073487.5,2878831.2,3362137.5,6476841.2,333172.0,9446,1028,9446,776424,776424
workshop,2,workshop_choices/512x4,old,3921787.5,3713668.8,5350181.2,8255971.4,261105.4,25440,2048,25440,1467106,1467106
pack,3,runtime_key/0,old,489.3,411.1,624.0,1013.2,2043912.2,2,2,2,80,80
pack,3,runtime_key/0,new,149.9,129.1,265.9,322.5,6672096.4,1,0,1,27,27
pack,3,compiler_key/0,old,552.5,465.6,760.8,1119.5,1809906.8,3,2,3,90,90
pack,3,compiler_key/0,new,188.1,180.8,212.5,412.0,5317408.8,1,0,1,27,27
pack,3,runtime_key/1,old,770.7,756.4,791.5,1690.6,1297516.5,2,4,2,140,140
pack,3,runtime_key/1,new,222.0,201.5,243.6,486.4,4504068.6,1,0,1,27,27
pack,3,compiler_key/1,old,1185.7,1161.2,1263.3,2598.3,843388.4,6,4,6,708,708
pack,3,compiler_key/1,new,337.2,319.5,360.2,740.5,2965537.2,1,0,1,27,27
pack,3,runtime_key/6,old,1318.1,1298.2,1445.3,2889.6,758659.0,2,6,2,380,380
pack,3,runtime_key/6,new,423.9,412.3,442.1,930.9,2358903.5,1,0,1,27,27
pack,3,compiler_key/6,old,2839.6,2805.0,2865.2,6220.9,352162.3,16,6,16,1045,1045
pack,3,compiler_key/6,new,830.7,819.2,878.4,1818.4,1203820.7,1,0,1,27,27
pack,3,runtime_key/11,old,1704.7,1626.9,1765.2,3738.3,586601.0,2,7,2,700,700
pack,3,runtime_key/11,new,493.4,467.0,554.2,1082.0,2026819.7,1,0,1,27,27
pack,3,compiler_key/11,old,3954.3,3761.2,4637.2,8405.6,252891.0,26,7,26,1454,1454
pack,3,compiler_key/11,new,1542.9,1443.2,2677.4,3213.9,648111.5,1,0,1,27,27
pack,3,pack_load/0x0,old,1016175.0,933112.5,1033275.0,2201393.0,984.1,51,25,51,167286,167286
pack,3,pack_load/0x0,new,754525.0,729700.0,759837.5,1622187.4,1325.3,47,25,47,166874,166874
pack,3,pack_load/1x1,old,1895537.5,1629275.0,2001162.5,3682140.0,527.6,76,35,76,171635,171635
pack,3,pack_load/1x1,new,1298700.0,1291600.0,1351700.0,2539971.8,770.0,68,35,68,170796,170796
pack,3,pack_load/64x4,old,123206475.0,119306762.5,140357287.5,267110566.2,519.5,5134,2589,5134,1089653,1089653
pack,3,pack_load/64x4,new,75671212.5,73963462.5,84998212.5,164305627.1,845.8,3975,2589,3975,950777,950777
pack,3,pack_load/512x4,old,1044366800.0,930896500.0,1076108550.0,2285815046.5,490.2,40681,20512,40681,7553151,7553151
pack,3,pack_load/512x4,new,647142650.0,598424000.0,667991700.0,1400497466.0,791.2,31455,20512,31455,6442067,6442067
workshop,3,workshop_choices/0x0,old,56.1,37.7,59.8,110.1,17839721.3,0,0,0,0,0
workshop,3,workshop_choices/0x0,new,11.4,11.4,15.9,25.3,87708779.4,0,0,0,0,0
workshop,3,workshop_choices/1x0,old,4537.5,4256.2,6306.2,9740.3,440771.3,32,0,32,2896,2896
workshop,3,workshop_choices/1x0,new,2637.5,2631.2,2725.0,5871.6,758293.8,20,0,20,2518,2518
workshop,3,workshop_choices/64x0,old,300393.8,285300.0,365956.2,653204.6,426107.4,2157,0,2157,94745,94745
workshop,3,workshop_choices/64x0,new,250150.0,226131.2,283156.2,547734.8,511693.0,1187,1,1187,66275,66275
workshop,3,workshop_choices/512x0,old,2494081.2,2427443.8,2540343.8,5421444.5,410572.0,17248,0,17248,779490,779490
workshop,3,workshop_choices/512x0,new,2014368.8,1923243.8,2103975.0,4378311.5,508347.8,9446,2,9446,546660,546660
workshop,3,workshop_choices/512x4,old,4181687.5,3961675.0,4365912.5,9092334.6,244877.2,25440,2048,25440,1467106,1467106
workshop,3,workshop_choices/512x4,new,2713750.0,2605431.2,3133075.0,5910709.8,377337.6,9446,1028,9446,776424,776424
pack,4,runtime_key/0,new,142.4,141.6,161.6,312.3,7023319.6,1,0,1,27,27
pack,4,runtime_key/0,old,380.3,364.1,494.8,834.3,2629517.9,2,2,2,80,80
pack,4,compiler_key/0,new,159.0,141.9,233.3,326.7,6290892.3,1,0,1,27,27
pack,4,compiler_key/0,old,484.1,454.2,537.4,1038.0,2065661.4,3,2,3,90,90
pack,4,runtime_key/1,new,184.1,158.5,216.2,396.5,5430920.2,1,0,1,27,27
pack,4,runtime_key/1,old,596.6,561.6,655.6,1308.3,1676078.2,2,4,2,140,140
pack,4,compiler_key/1,new,258.9,244.0,329.4,562.2,3862693.3,1,0,1,27,27
pack,4,compiler_key/1,old,977.4,900.8,1107.6,2069.1,1023104.8,6,4,6,708,708
pack,4,runtime_key/6,new,336.2,308.9,432.9,737.5,2974150.5,1,0,1,27,27
pack,4,runtime_key/6,old,1048.4,989.5,1207.1,2276.6,953800.3,2,6,2,380,380
pack,4,compiler_key/6,new,671.2,637.9,752.0,1471.9,1489942.2,1,0,1,27,27
pack,4,compiler_key/6,old,2364.5,2218.0,2676.4,5133.1,422930.8,16,6,16,1045,1045
pack,4,runtime_key/11,new,496.8,465.6,641.6,1089.9,2012875.3,1,0,1,27,27
pack,4,runtime_key/11,old,1377.4,1353.5,1457.6,3002.0,726022.3,2,7,2,700,700
pack,4,compiler_key/11,new,1173.7,1099.5,1195.5,2544.3,852037.5,1,0,1,27,27
pack,4,compiler_key/11,old,3558.0,3408.7,3797.9,7752.5,281056.2,26,7,26,1454,1454
pack,4,pack_load/0x0,new,754175.0,717362.5,814987.5,1639171.1,1326.0,47,25,47,166874,166874
pack,4,pack_load/0x0,old,944362.5,921275.0,968650.0,2052791.2,1058.9,51,25,51,167286,167286
pack,4,pack_load/1x1,new,1077950.0,1027475.0,1107775.0,2335151.1,927.7,68,35,68,170796,170796
pack,4,pack_load/1x1,old,1424212.5,1348737.5,1439300.0,3089654.5,702.1,76,35,76,171635,171635
pack,4,pack_load/64x4,new,82033125.0,75518312.5,84908950.0,179389091.0,780.2,3975,2589,3975,950777,950777
pack,4,pack_load/64x4,old,132703225.0,127685200.0,136068450.0,290222569.8,482.3,5134,2589,5134,1089653,1089653
pack,4,pack_load/512x4,new,671536850.0,627015500.0,696925400.0,1468949751.0,762.4,31455,20512,31455,6442067,6442067
pack,4,pack_load/512x4,old,984139450.0,946840850.0,1076377000.0,2150756921.5,520.3,40681,20512,40681,7553151,7553151
workshop,4,workshop_choices/0x0,new,25.3,25.3,27.5,55.9,39498553.5,0,0,0,0,0
workshop,4,workshop_choices/0x0,old,65.3,65.3,67.1,143.7,15312149.5,0,0,0,0,0
workshop,4,workshop_choices/1x0,new,2750.0,2731.2,2837.5,6118.6,727272.7,20,0,20,2518,2518
workshop,4,workshop_choices/1x0,old,3393.8,3381.2,3493.8,7517.9,589318.6,32,0,32,2896,2896
workshop,4,workshop_choices/64x0,new,217637.5,211456.2,277831.2,477412.5,588133.9,1187,1,1187,66275,66275
workshop,4,workshop_choices/64x0,old,282050.0,269100.0,337837.5,612432.5,453820.2,2157,0,2157,94745,94745
workshop,4,workshop_choices/512x0,new,1996681.2,1948818.8,2050781.2,4356553.6,512851.0,9446,2,9446,546660,546660
workshop,4,workshop_choices/512x0,old,2544481.2,2325593.8,2693887.5,5542498.3,402439.6,17248,0,17248,779490,779490
workshop,4,workshop_choices/512x4,new,3079793.8,2933225.0,3199043.8,6697041.3,332489.8,9446,1028,9446,776424,776424
workshop,4,workshop_choices/512x4,old,3897837.5,3733475.0,3946118.8,8445577.8,262709.8,25440,2048,25440,1467106,1467106
pack,5,runtime_key/0,old,418.4,380.3,481.8,919.4,2390010.5,2,2,2,80,80
pack,5,runtime_key/0,new,126.5,126.3,189.8,277.9,7905809.7,1,0,1,27,27
pack,5,compiler_key/0,old,452.2,426.4,536.4,992.4,2211304.9,3,2,3,90,90
pack,5,compiler_key/0,new,142.9,142.1,169.3,313.5,6998120.6,1,0,1,27,27
pack,5,runtime_key/1,old,604.0,555.5,646.3,1312.4,1655752.3,2,4,2,140,140
pack,5,runtime_key/1,new,183.0,159.1,224.1,402.0,5465705.9,1,0,1,27,27
pack,5,compiler_key/1,old,937.7,894.0,1010.6,2042.1,1066389.0,6,4,6,708,708
pack,5,compiler_key/1,new,263.6,243.3,297.1,579.0,3793295.1,1,0,1,27,27
pack,5,runtime_key/6,old,1029.5,983.7,1198.4,2218.8,971306.6,2,6,2,380,380
pack,5,runtime_key/6,new,322.7,308.7,463.4,708.8,3098570.2,1,0,1,27,27
pack,5,compiler_key/6,old,2220.4,2162.2,2421.8,4855.7,450362.3,16,6,16,1045,1045
pack,5,compiler_key/6,new,751.8,633.6,770.1,1624.4,1330172.4,1,0,1,27,27
pack,5,runtime_key/11,old,1412.4,1327.7,1558.5,3098.9,708025.8,2,7,2,700,700
pack,5,runtime_key/11,new,531.4,485.4,689.6,1164.5,1881920.5,1,0,1,27,27
pack,5,compiler_key/11,old,3349.8,3269.7,3457.5,7309.4,298522.7,26,7,26,1454,1454
pack,5,compiler_key/11,new,1193.9,1096.2,1426.0,2506.4,837610.7,1,0,1,27,27
pack,5,pack_load/0x0,old,901175.0,884712.5,983787.5,1953605.0,1109.7,51,25,51,167286,167286
pack,5,pack_load/0x0,new,770250.0,746462.5,810337.5,1688586.1,1298.3,47,25,47,166874,166874
pack,5,pack_load/1x1,old,1516412.5,1485025.0,1567362.5,3280427.2,659.5,76,35,76,171635,171635
pack,5,pack_load/1x1,new,1130800.0,1078312.5,1196112.5,2460567.8,884.3,68,35,68,170796,170796
pack,5,pack_load/64x4,old,119274575.0,116211700.0,127529950.0,259223215.9,536.6,5134,2589,5134,1089653,1089653
pack,5,pack_load/64x4,new,76840050.0,73704512.5,81446662.5,164726683.0,832.9,3975,2589,3975,950777,950777
pack,5,pack_load/512x4,old,945970100.0,932793650.0,971848750.0,2047980215.5,541.2,40681,20512,40681,7553151,7553151
pack,5,pack_load/512x4,new,588331500.0,574805100.0,597617400.0,1273107026.0,870.3,31455,20512,31455,6442067,6442067
workshop,5,workshop_choices/0x0,old,50.0,50.0,53.1,110.2,19980487.8,0,0,0,0,0
workshop,5,workshop_choices/0x0,new,15.1,15.1,15.1,33.5,66278317.2,0,0,0,0,0
workshop,5,workshop_choices/1x0,old,4018.8,4006.2,4125.0,8903.5,497667.2,32,0,32,2896,2896
workshop,5,workshop_choices/1x0,new,2643.8,2631.2,2681.2,5871.6,756501.2,20,0,20,2518,2518
workshop,5,workshop_choices/64x0,old,298300.0,267368.8,339425.0,650968.4,429098.2,2157,0,2157,94745,94745
workshop,5,workshop_choices/64x0,new,217437.5,202293.8,281987.5,464228.8,588674.9,1187,1,1187,66275,66275
workshop,5,workshop_choices/512x0,old,2532593.8,2380437.5,2596581.2,5499737.0,404328.6,17248,0,17248,779490,779490
workshop,5,workshop_choices/512x0,new,2091675.0,1896237.5,2213050.0,4558877.8,489559.8,9446,2,9446,546660,546660
workshop,5,workshop_choices/512x4,old,3955000.0,3636012.5,4204693.8,8600462.4,258912.8,25440,2048,25440,1467106,1467106
workshop,5,workshop_choices/512x4,new,2655650.0,2588518.8,3096487.5,5784853.6,385593.0,9446,1028,9446,776424,776424
