run,order,workload,variant,median_ns,min_ns,max_ns,thread_cycles,units_per_second,allocations,reallocations,frees,allocated_bytes,freed_bytes
1,old-first,life_changes_128,old,691.4,690.6,840.6,1529.6,185129943.5,0,0,0,0,0
1,old-first,life_changes_128,new,609.4,609.4,610.2,1349.6,210051282.1,0,0,0,0,0
1,old-first,life_plateau_128,old,1055.5,1021.1,1376.6,2328.8,121273131.0,0,0,0,0,0
1,old-first,life_plateau_128,new,285.2,285.2,289.1,639.6,448876712.3,0,0,0,0,0
1,old-first,life_changing_128,old,283.6,264.8,402.3,636.2,451349862.3,0,0,0,0,0
1,old-first,life_changing_128,new,264.1,264.1,264.8,591.6,484733727.8,0,0,0,0,0
1,old-first,life_mixed_128,old,921.9,891.4,1053.1,2037.2,138847457.6,0,0,0,0,0
1,old-first,life_mixed_128,new,293.8,282.0,377.3,656.8,435744680.9,0,0,0,0,0
1,old-first,life_same_time_128,old,370.3,370.3,371.9,826.6,345654008.4,0,0,0,0,0
1,old-first,life_same_time_128,new,371.1,370.3,371.9,826.6,344926315.8,0,0,0,0,0
1,old-first,life_changes_8192,old,47165.6,45529.7,50915.6,103439.4,173685814.6,0,0,0,0,0
1,old-first,life_changes_8192,new,42181.2,40443.8,43092.2,92260.3,194209512.5,0,0,0,0,0
1,old-first,life_plateau_8192,old,72550.8,66154.7,78238.3,158919.7,112914015.0,0,0,0,0,0
1,old-first,life_plateau_8192,new,15939.1,14935.9,16892.2,34974.2,513957455.2,0,0,0,0,0
1,old-first,life_changing_8192,old,15708.6,15340.6,16493.8,34463.2,521497985.8,0,0,0,0,0
1,old-first,life_changing_8192,new,16172.7,15458.6,17953.1,35480.1,506533983.9,0,0,0,0,0
1,old-first,life_mixed_8192,old,50809.4,49633.6,54871.1,111391.1,161230088.0,0,0,0,0,0
1,old-first,life_mixed_8192,new,16022.7,15448.4,17996.1,35072.0,511276025.2,0,0,0,0,0
1,old-first,life_same_time_8192,old,20060.9,19752.3,22007.0,44018.3,408355790.9,0,0,0,0,0
1,old-first,life_same_time_8192,new,20291.4,20079.7,21571.9,44522.5,403717706.8,0,0,0,0,0
1,old-first,life_full_plateau,old,136.8,124.2,185.8,299.2,7309065.0,1,1,1,48,48
1,old-first,life_full_plateau,new,62.5,55.1,80.8,137.6,15987509.8,1,0,1,16,16
1,old-first,stats_0x1_judged,old,1.0,0.8,1.0,4.7,1024000000.0,0,0,0,0,0
1,old-first,stats_0x1_judged,new,1.0,1.0,1.0,4.7,1024000000.0,0,0,0,0,0
1,old-first,windows_0x1_judged,old,6.6,6.6,7.0,17.1,150588235.3,0,0,0,0,0
1,old-first,windows_0x1_judged,new,6.6,6.6,6.6,17.1,150588235.3,0,0,0,0,0
1,old-first,scatter_0x1_judged,old,16.0,16.0,16.2,38.2,62439024.4,0,0,0,0,0
1,old-first,scatter_0x1_judged,new,15.6,15.0,16.0,37.3,64000000.0,0,0,0,0,0
1,old-first,stats_1x1_judged,old,11.1,10.7,11.3,27.0,89824561.4,0,0,0,0,0
1,old-first,stats_1x1_judged,new,9.6,9.6,10.0,23.6,104489795.9,0,0,0,0,0
1,old-first,windows_1x1_judged,old,12.5,12.5,12.9,30.0,80000000.0,0,0,0,0,0
1,old-first,windows_1x1_judged,new,12.9,12.7,13.1,30.4,77575757.6,0,0,0,0,0
1,old-first,scatter_1x1_judged,old,78.1,70.1,114.3,174.9,12800000.0,1,0,1,24,24
1,old-first,scatter_1x1_judged,new,73.2,73.0,106.1,163.3,13653333.3,1,0,1,24,24
1,old-first,stats_128x1_judged,old,901.6,852.9,943.9,1981.9,141975736.6,0,0,0,0,0
1,old-first,stats_128x1_judged,new,715.0,671.1,800.6,1572.5,179011199.1,0,0,0,0,0
1,old-first,windows_128x1_judged,old,946.9,896.7,1237.5,2081.4,135181518.2,0,0,0,0,0
1,old-first,windows_128x1_judged,new,736.7,611.1,881.4,1620.1,173743372.2,0,0,0,0,0
1,old-first,scatter_128x1_judged,old,1771.7,1623.4,1940.8,3882.0,72247822.7,1,0,1,3072,3072
1,old-first,scatter_128x1_judged,new,1590.2,1302.3,1875.4,3494.0,80491279.8,1,0,1,3072,3072
1,old-first,stats_8192x1_judged,old,58989.1,58035.9,62562.5,129378.1,138873202.1,0,0,0,0,0
1,old-first,stats_8192x1_judged,new,49400.0,48757.8,56973.4,108162.1,165829959.5,0,0,0,0,0
1,old-first,windows_8192x1_judged,old,66887.5,65512.5,69678.1,146704.9,122474303.9,0,0,0,0,0
1,old-first,windows_8192x1_judged,new,50734.4,50135.9,54764.1,111272.8,161468432.4,0,0,0,0,0
1,old-first,scatter_8192x1_judged,old,136350.0,130064.1,140943.8,298677.8,60080674.7,1,0,1,196608,196608
1,old-first,scatter_8192x1_judged,new,114537.5,110354.7,121226.6,251114.9,71522427.2,1,0,1,196608,196608
1,old-first,stats_4096x2_judged,old,44387.5,42364.1,46734.4,97169.9,184556463.0,0,0,0,0,0
1,old-first,stats_4096x2_judged,new,38542.2,36757.8,39639.1,83975.9,212546316.9,0,0,0,0,0
1,old-first,windows_4096x2_judged,old,43850.0,42735.9,47546.9,96147.9,186818700.1,0,0,0,0,0
1,old-first,windows_4096x2_judged,new,43962.5,43209.4,49315.6,96381.1,186340631.2,0,0,0,0,0
1,old-first,scatter_4096x2_judged,old,98148.4,94448.4,105634.4,215223.2,83465414.3,1,0,1,196608,196608
1,old-first,scatter_4096x2_judged,new,76239.1,74640.6,81495.3,167166.4,107451478.7,1,0,1,196608,196608
1,old-first,stats_2048x4_judged,old,39292.2,38959.4,41826.6,86208.6,208489283.0,0,0,0,0,0
1,old-first,stats_2048x4_judged,new,40376.6,38712.5,42673.4,88585.4,202889981.0,0,0,0,0,0
1,old-first,windows_2048x4_judged,old,41479.7,40525.0,44396.9,90921.0,197494255.5,0,0,0,0,0
1,old-first,windows_2048x4_judged,new,40106.2,38937.5,46935.9,87992.1,204257441.2,0,0,0,0,0
1,old-first,scatter_2048x4_judged,old,71689.1,69981.2,75182.8,157237.5,114271267.0,1,0,1,196608,196608
1,old-first,scatter_2048x4_judged,new,63700.0,60967.2,67820.3,139516.3,128602825.7,1,0,1,196608,196608
1,old-first,stats_1024x8_judged,old,38151.6,37107.8,41339.1,83704.9,214722529.4,0,0,0,0,0
1,old-first,stats_1024x8_judged,new,37851.6,37318.8,41296.9,83056.7,216424355.0,0,0,0,0,0
1,old-first,windows_1024x8_judged,old,36384.4,36173.4,38335.9,79795.1,225151593.2,0,0,0,0,0
1,old-first,windows_1024x8_judged,new,37221.9,36600.0,40725.0,81667.7,220085635.1,0,0,0,0,0
1,old-first,scatter_1024x8_judged,old,68090.6,65239.1,72109.4,149153.7,120310248.3,1,0,1,196608,196608
1,old-first,scatter_1024x8_judged,new,56143.8,53918.8,61020.3,123125.8,145911165.5,1,0,1,196608,196608
1,old-first,stats_2048x4_mixed,old,47189.1,45281.2,48357.8,103538.8,173599549.7,0,0,0,0,0
1,old-first,stats_2048x4_mixed,new,43237.5,42153.1,47821.9,94875.5,189465163.3,0,0,0,0,0
1,old-first,windows_2048x4_mixed,old,45039.1,44412.5,49198.4,98634.4,181886556.8,0,0,0,0,0
1,old-first,windows_2048x4_mixed,new,40850.0,40685.9,41975.0,89545.7,200538555.7,0,0,0,0,0
1,old-first,scatter_2048x4_mixed,old,70818.8,66175.0,74406.2,155330.5,115675580.3,1,0,1,196608,196608
1,old-first,scatter_2048x4_mixed,new,72289.1,71335.9,77326.6,158554.5,113322814.2,1,0,1,196608,196608
2,new-first,life_changes_128,new,682.0,555.5,846.1,1395.9,187674685.0,0,0,0,0,0
2,new-first,life_changes_128,old,628.1,627.3,822.7,1389.0,203781094.5,0,0,0,0,0
2,new-first,life_plateau_128,new,249.2,235.2,503.1,559.0,513605015.7,0,0,0,0,0
2,new-first,life_plateau_128,old,959.4,959.4,960.2,2117.8,133420195.4,0,0,0,0,0
2,new-first,life_changing_128,new,223.4,216.4,352.3,500.7,572867132.9,0,0,0,0,0
2,new-first,life_changing_128,old,386.7,256.2,496.1,860.9,330989899.0,0,0,0,0,0
2,new-first,life_mixed_128,new,247.7,247.7,250.0,555.6,516845425.9,0,0,0,0,0
2,new-first,life_mixed_128,old,810.2,810.2,811.7,1790.3,157994214.1,0,0,0,0,0
2,new-first,life_same_time_128,new,338.3,328.1,466.4,754.5,378383371.8,0,0,0,0,0
2,new-first,life_same_time_128,old,327.3,326.6,474.2,728.8,391026253.0,0,0,0,0,0
2,new-first,life_changes_8192,new,34511.7,33258.6,37380.5,75696.6,237368647.4,0,0,0,0,0
2,new-first,life_changes_8192,old,37918.0,37522.7,41807.0,83145.9,216045328.1,0,0,0,0,0
2,new-first,life_plateau_8192,new,14391.4,13997.7,16532.8,31524.0,569228597.8,0,0,0,0,0
2,new-first,life_plateau_8192,old,61226.6,59436.7,62650.0,134246.5,133798137.0,0,0,0,0,0
2,new-first,life_changing_8192,new,16309.4,16144.5,19707.0,35768.2,502287794.6,0,0,0,0,0
2,new-first,life_changing_8192,old,15551.6,15229.7,20324.2,34111.7,526763789.8,0,0,0,0,0
2,new-first,life_mixed_8192,new,16385.2,16002.3,18973.4,35950.0,499964716.5,0,0,0,0,0
2,new-first,life_mixed_8192,old,52628.1,51336.7,54271.1,115448.4,155658215.1,0,0,0,0,0
2,new-first,life_same_time_8192,new,21164.1,19676.6,22525.8,46396.8,387071244.0,0,0,0,0,0
2,new-first,life_same_time_8192,old,20290.6,19699.2,21950.8,44524.2,403733251.2,0,0,0,0,0
2,new-first,life_full_plateau,new,64.3,59.8,83.1,141.5,15550493.5,1,0,1,16,16
2,new-first,life_full_plateau,old,149.7,139.8,181.1,329.0,6679713.0,1,1,1,48,48
2,new-first,stats_0x1_judged,new,1.2,1.0,1.2,5.1,853333333.3,0,0,0,0,0
2,new-first,stats_0x1_judged,old,1.0,1.0,1.2,4.7,1024000000.0,0,0,0,0,0
2,new-first,windows_0x1_judged,new,6.8,6.6,6.8,17.1,146285714.3,0,0,0,0,0
2,new-first,windows_0x1_judged,old,6.4,6.4,6.6,16.7,155151515.2,0,0,0,0,0
2,new-first,scatter_0x1_judged,new,15.4,14.8,15.4,36.0,64810126.6,0,0,0,0,0
2,new-first,scatter_0x1_judged,old,15.0,14.6,49.0,35.6,66493506.5,0,0,0,0,0
2,new-first,stats_1x1_judged,new,9.8,9.6,9.8,23.6,102400000.0,0,0,0,0,0
2,new-first,stats_1x1_judged,old,10.2,10.2,10.7,25.3,98461538.5,0,0,0,0,0
2,new-first,windows_1x1_judged,new,10.4,10.4,10.5,25.3,96603773.6,0,0,0,0,0
2,new-first,windows_1x1_judged,old,12.1,12.1,12.5,29.2,82580645.2,0,0,0,0,0
2,new-first,scatter_1x1_judged,new,77.5,64.5,138.5,174.1,12896725.4,1,0,1,24,24
2,new-first,scatter_1x1_judged,old,75.0,70.1,108.2,167.6,13333333.3,1,0,1,24,24
2,new-first,stats_128x1_judged,new,683.8,634.8,809.8,1503.5,187192230.8,0,0,0,0,0
2,new-first,stats_128x1_judged,old,874.0,807.0,917.0,1921.5,146449162.0,0,0,0,0,0
2,new-first,windows_128x1_judged,new,640.8,596.7,740.8,1409.6,199743980.5,0,0,0,0,0
2,new-first,windows_128x1_judged,old,993.0,914.5,1236.5,2173.6,128906372.9,0,0,0,0,0
2,new-first,scatter_128x1_judged,new,1413.7,1248.2,1553.5,3099.2,90544349.3,1,0,1,3072,3072
2,new-first,scatter_128x1_judged,old,1525.6,1499.4,1825.4,3351.2,83902189.2,1,0,1,3072,3072
2,new-first,stats_8192x1_judged,new,48568.8,46621.9,50648.4,106313.5,168668125.1,0,0,0,0,0
2,new-first,stats_8192x1_judged,old,56871.9,56031.2,58276.6,124727.5,144043079.3,0,0,0,0,0
2,new-first,windows_8192x1_judged,new,47235.9,46287.5,54304.7,103652.0,173427276.6,0,0,0,0,0
2,new-first,windows_8192x1_judged,old,63484.4,60056.2,69506.2,139166.4,129039625.9,0,0,0,0,0
2,new-first,scatter_8192x1_judged,new,111409.4,107898.4,114601.6,244258.9,73530616.3,1,0,1,196608,196608
2,new-first,scatter_8192x1_judged,old,130126.6,125787.5,137776.6,285137.4,62954095.2,1,0,1,196608,196608
2,new-first,stats_4096x2_judged,new,37465.6,37053.1,41281.2,82202.8,218653766.0,0,0,0,0,0
2,new-first,stats_4096x2_judged,old,41704.7,40976.6,46489.1,91356.6,196428758.8,0,0,0,0,0
2,new-first,windows_4096x2_judged,new,37650.0,36998.4,40995.3,82532.0,217583001.3,0,0,0,0,0
2,new-first,windows_4096x2_judged,old,43159.4,42075.0,45589.1,94196.4,189808124.0,0,0,0,0,0
2,new-first,scatter_4096x2_judged,new,82015.6,74448.4,91014.1,179653.9,99883406.4,1,0,1,196608,196608
2,new-first,scatter_4096x2_judged,old,89301.6,85167.2,105068.8,195831.7,91734117.2,1,0,1,196608,196608
2,new-first,stats_2048x4_judged,new,34640.6,34050.0,39298.4,76005.3,236485340.6,0,0,0,0,0
2,new-first,stats_2048x4_judged,old,37828.1,36970.3,42606.2,82995.0,216558446.9,0,0,0,0,0
2,new-first,windows_2048x4_judged,new,34003.1,33129.7,41353.1,74592.3,240919033.2,0,0,0,0,0
2,new-first,windows_2048x4_judged,old,39634.4,38875.0,41110.9,86891.1,206689269.1,0,0,0,0,0
2,new-first,scatter_2048x4_judged,new,62504.7,61823.4,66221.9,137067.5,131062170.3,1,0,1,196608,196608
2,new-first,scatter_2048x4_judged,old,72879.7,69243.8,75528.1,159535.4,112404433.7,1,0,1,196608,196608
2,new-first,stats_1024x8_judged,new,39620.3,39020.3,42046.9,86928.8,206762629.6,0,0,0,0,0
2,new-first,stats_1024x8_judged,old,39357.8,38856.2,42081.2,86363.0,208141649.1,0,0,0,0,0
2,new-first,windows_1024x8_judged,new,36356.2,35737.5,40754.7,79764.2,225325769.3,0,0,0,0,0
2,new-first,windows_1024x8_judged,old,37668.8,36946.9,40148.4,82645.2,217474697.2,0,0,0,0,0
2,new-first,scatter_1024x8_judged,new,51523.4,50578.1,59112.5,112991.0,158995602.7,1,0,1,196608,196608
2,new-first,scatter_1024x8_judged,old,64176.6,62457.8,65998.4,140754.4,127647846.5,1,0,1,196608,196608
2,new-first,stats_2048x4_mixed,new,43773.4,42715.6,45864.1,95969.5,187145457.8,0,0,0,0,0
2,new-first,stats_2048x4_mixed,old,44142.2,42987.5,49964.1,96861.2,185582103.3,0,0,0,0,0
2,new-first,windows_2048x4_mixed,new,40109.4,38507.8,43570.3,88067.5,204241527.1,0,0,0,0,0
2,new-first,windows_2048x4_mixed,old,55143.8,48946.9,61995.3,120920.5,148557180.1,0,0,0,0,0
2,new-first,scatter_2048x4_mixed,new,85198.4,80679.7,90781.2,186794.5,96151998.1,1,0,1,196608,196608
2,new-first,scatter_2048x4_mixed,old,81750.0,77665.6,83887.5,179211.5,100207951.1,1,0,1,196608,196608
3,old-first,life_changes_128,old,792.2,668.8,1204.7,1624.0,161577909.3,0,0,0,0,0
3,old-first,life_changes_128,new,610.9,610.2,1000.8,1353.0,209514066.5,0,0,0,0,0
3,old-first,life_plateau_128,old,1221.1,1055.5,1410.9,2692.3,104824056.3,0,0,0,0,0
3,old-first,life_plateau_128,new,275.8,275.0,357.8,617.3,464135977.3,0,0,0,0,0
3,old-first,life_changing_128,old,285.2,284.4,285.2,637.9,448876712.3,0,0,0,0,0
3,old-first,life_changing_128,new,264.8,254.7,551.6,593.3,483303834.8,0,0,0,0,0
3,old-first,life_mixed_128,old,955.5,955.5,1187.5,2111.0,133965658.2,0,0,0,0,0
3,old-first,life_mixed_128,new,303.9,292.2,305.5,680.8,421182519.3,0,0,0,0,0
3,old-first,life_same_time_128,old,397.7,396.9,398.4,886.6,321886051.1,0,0,0,0,0
3,old-first,life_same_time_128,new,397.7,396.9,399.2,886.6,321886051.1,0,0,0,0,0
3,old-first,life_changes_8192,old,46679.7,43385.9,49650.0,102280.1,175493891.2,0,0,0,0,0
3,old-first,life_changes_8192,new,36596.9,35639.8,38478.9,80239.2,223844249.0,0,0,0,0,0
3,old-first,life_plateau_8192,old,64454.7,62034.4,69759.4,141303.1,127097040.1,0,0,0,0,0
3,old-first,life_plateau_8192,new,15157.8,14800.8,15678.9,33250.8,540447376.6,0,0,0,0,0
3,old-first,life_changing_8192,old,14757.8,14330.5,18572.7,32372.8,555095817.9,0,0,0,0,0
3,old-first,life_changing_8192,new,16579.7,16135.2,18782.8,36363.3,494098576.9,0,0,0,0,0
3,old-first,life_mixed_8192,old,50314.1,49003.9,52398.4,110269.6,162817303.8,0,0,0,0,0
3,old-first,life_mixed_8192,new,16859.4,16171.1,19680.5,36992.6,485901760.9,0,0,0,0,0
3,old-first,life_same_time_8192,old,21474.2,20989.8,22952.3,47091.3,381480700.0,0,0,0,0,0
3,old-first,life_same_time_8192,new,21319.5,20652.3,22549.2,46635.2,384248598.3,0,0,0,0,0
3,old-first,life_full_plateau,old,139.9,136.9,147.5,305.1,7149589.8,1,1,1,48,48
3,old-first,life_full_plateau,new,63.5,58.2,78.0,139.8,15747789.3,1,0,1,16,16
3,old-first,stats_0x1_judged,old,13.3,13.1,46.1,32.2,75294117.6,0,0,0,0,0
3,old-first,stats_0x1_judged,new,13.1,12.7,46.3,31.3,76417910.4,0,0,0,0,0
3,old-first,windows_0x1_judged,old,20.7,20.5,20.9,48.0,48301886.8,0,0,0,0,0
3,old-first,windows_0x1_judged,new,19.5,19.5,52.7,45.4,51200000.0,0,0,0,0,0
3,old-first,scatter_0x1_judged,old,26.6,26.4,26.6,60.9,37647058.8,0,0,0,0,0
3,old-first,scatter_0x1_judged,new,30.7,29.7,67.4,69.9,32611465.0,0,0,0,0,0
3,old-first,stats_1x1_judged,old,38.3,38.3,38.5,87.0,26122449.0,0,0,0,0,0
3,old-first,stats_1x1_judged,new,32.8,31.8,104.5,74.6,30476190.5,0,0,0,0,0
3,old-first,windows_1x1_judged,old,26.6,26.4,26.8,60.9,37647058.8,0,0,0,0,0
3,old-first,windows_1x1_judged,new,27.5,27.5,59.0,63.0,36312056.7,0,0,0,0,0
3,old-first,scatter_1x1_judged,old,84.4,84.4,141.0,187.8,11851851.9,1,0,1,24,24
3,old-first,scatter_1x1_judged,new,113.3,85.4,145.3,251.2,8827586.2,1,0,1,24,24
3,old-first,stats_128x1_judged,old,860.0,817.0,947.5,1890.2,148843970.0,0,0,0,0,0
3,old-first,stats_128x1_judged,new,757.8,695.5,862.9,1647.1,168907216.5,0,0,0,0,0
3,old-first,windows_128x1_judged,old,966.6,948.8,1071.7,2123.4,132422711.7,0,0,0,0,0
3,old-first,windows_128x1_judged,new,741.2,699.8,844.7,1630.0,172690382.1,0,0,0,0,0
3,old-first,scatter_128x1_judged,old,1754.1,1596.5,2282.4,3852.8,72971829.4,1,0,1,3072,3072
3,old-first,scatter_128x1_judged,new,1373.8,1293.0,1430.1,3018.6,93170315.6,1,0,1,3072,3072
3,old-first,stats_8192x1_judged,old,59082.8,57584.4,63743.8,129556.5,138652844.3,0,0,0,0,0
3,old-first,stats_8192x1_judged,new,58389.1,54548.4,75006.2,127886.2,140300248.9,0,0,0,0,0
3,old-first,windows_8192x1_judged,old,70568.8,63945.3,83970.3,154613.8,116085377.7,0,0,0,0,0
3,old-first,windows_8192x1_judged,new,52945.3,47534.4,57095.3,116112.1,154725689.8,0,0,0,0,0
3,old-first,scatter_8192x1_judged,old,140306.2,133179.7,161362.5,306466.6,58386565.1,1,0,1,196608,196608
3,old-first,scatter_8192x1_judged,new,113821.9,111784.4,120548.4,247259.9,71972105.5,1,0,1,196608,196608
3,old-first,stats_4096x2_judged,old,41748.4,40848.4,45956.2,89751.5,196222912.5,0,0,0,0,0
3,old-first,stats_4096x2_judged,new,41484.4,40771.9,43390.6,90969.0,197471939.7,0,0,0,0,0
3,old-first,windows_4096x2_judged,old,44764.1,43456.2,48792.2,98222.8,183003944.3,0,0,0,0,0
3,old-first,windows_4096x2_judged,new,41087.5,40484.4,46548.4,90152.8,199379373.3,0,0,0,0,0
3,old-first,scatter_4096x2_judged,old,91098.4,86745.3,97532.8,199762.2,89924703.7,1,0,1,196608,196608
3,old-first,scatter_4096x2_judged,new,83362.5,81225.0,94264.1,181602.0,98269605.6,1,0,1,196608,196608
3,old-first,stats_2048x4_judged,old,38323.4,37021.9,45167.2,84013.6,213759530.3,0,0,0,0,0
3,old-first,stats_2048x4_judged,new,37365.6,36156.2,43335.9,80319.8,219238939.5,0,0,0,0,0
3,old-first,windows_2048x4_judged,old,36203.1,35462.5,40364.1,79020.0,226278808.8,0,0,0,0,0
3,old-first,windows_2048x4_judged,new,35846.9,35026.6,37845.3,77047.9,228527591.3,0,0,0,0,0
3,old-first,scatter_2048x4_judged,old,64939.1,63854.7,68723.4,142386.9,126149034.0,1,0,1,196608,196608
3,old-first,scatter_2048x4_judged,new,57564.1,56454.7,62746.9,126058.2,142311012.2,1,0,1,196608,196608
3,old-first,stats_1024x8_judged,old,36601.6,36525.0,41789.1,80217.0,223815581.6,0,0,0,0,0
3,old-first,stats_1024x8_judged,new,35904.7,33185.9,39956.2,78711.3,228159624.0,0,0,0,0,0
3,old-first,windows_1024x8_judged,old,34635.9,34459.4,38125.0,75641.8,236517345.6,0,0,0,0,0
3,old-first,windows_1024x8_judged,new,37978.1,37037.5,41660.9,83317.4,215703118.6,0,0,0,0,0
3,old-first,scatter_1024x8_judged,old,61331.2,59479.7,64392.2,134515.8,133569754.4,1,0,1,196608,196608
3,old-first,scatter_1024x8_judged,new,49534.4,47807.8,69006.2,108553.1,165380102.2,1,0,1,196608,196608
3,old-first,stats_2048x4_mixed,old,42829.7,40093.8,47604.7,91332.6,191269198.5,0,0,0,0,0
3,old-first,stats_2048x4_mixed,new,37814.1,37792.2,44162.5,82933.3,216638981.9,0,0,0,0,0
3,old-first,windows_2048x4_mixed,old,42214.1,40407.8,43701.6,90749.5,194058555.7,0,0,0,0,0
3,old-first,windows_2048x4_mixed,new,35029.7,34882.8,37550.0,76825.0,233858780.5,0,0,0,0,0
3,old-first,scatter_2048x4_mixed,old,64439.1,61101.6,70326.6,141292.8,127127858.2,1,0,1,196608,196608
3,old-first,scatter_2048x4_mixed,new,65893.8,60840.6,72195.3,144468.7,124321350.7,1,0,1,196608,196608
4,new-first,life_changes_128,new,569.5,569.5,571.9,1262.1,224746227.7,0,0,0,0,0
4,new-first,life_changes_128,old,627.3,627.3,807.8,1390.7,204034869.2,0,0,0,0,0
4,new-first,life_plateau_128,new,243.8,243.0,500.8,545.3,525128205.1,0,0,0,0,0
4,new-first,life_plateau_128,old,960.2,959.4,960.2,2117.8,133311635.5,0,0,0,0,0
4,new-first,life_changing_128,new,223.4,217.2,354.7,500.7,572867132.9,0,0,0,0,0
4,new-first,life_changing_128,old,233.6,232.8,233.6,521.3,547959866.2,0,0,0,0,0
4,new-first,life_mixed_128,new,242.2,241.4,244.5,541.9,528516129.0,0,0,0,0,0
4,new-first,life_mixed_128,old,787.5,786.7,788.3,1738.9,162539682.5,0,0,0,0,0
4,new-first,life_same_time_128,new,471.9,348.4,494.5,1066.6,271258278.1,0,0,0,0,0
4,new-first,life_same_time_128,old,327.3,318.0,452.3,730.5,391026253.0,0,0,0,0,0
4,new-first,life_changes_8192,new,31065.6,30690.6,35736.7,68137.6,263699829.0,0,0,0,0,0
4,new-first,life_changes_8192,old,36703.1,35767.2,39567.2,79877.4,223196253.7,0,0,0,0,0
4,new-first,life_plateau_8192,new,13397.7,13355.5,15097.7,29387.3,611450230.3,0,0,0,0,0
4,new-first,life_plateau_8192,old,58950.8,55565.6,65421.1,129302.7,138963383.1,0,0,0,0,0
4,new-first,life_changing_8192,new,12445.3,12410.2,12761.7,27298.6,658239799.1,0,0,0,0,0
4,new-first,life_changing_8192,old,13675.8,13666.4,15960.9,29992.6,599015138.5,0,0,0,0,0
4,new-first,life_mixed_8192,new,15135.2,14603.9,18553.1,32731.2,541256387.8,0,0,0,0,0
4,new-first,life_mixed_8192,old,48212.5,46296.9,50271.1,105248.5,169914441.3,0,0,0,0,0
4,new-first,life_same_time_8192,new,19089.8,18924.2,21193.8,41557.5,429128708.8,0,0,0,0,0
4,new-first,life_same_time_8192,old,19282.8,18914.8,20880.5,42262.3,424834292.2,0,0,0,0,0
4,new-first,life_full_plateau,new,55.2,55.2,56.7,121.4,18123893.8,1,0,1,16,16
4,new-first,life_full_plateau,old,129.9,129.8,139.9,285.4,7699248.1,1,1,1,48,48
4,new-first,stats_0x1_judged,new,1.0,0.8,1.0,4.3,1024000000.0,0,0,0,0,0
4,new-first,stats_0x1_judged,old,1.0,0.8,1.0,4.3,1024000000.0,0,0,0,0,0
4,new-first,windows_0x1_judged,new,6.2,6.2,6.4,16.3,160000000.0,0,0,0,0,0
4,new-first,windows_0x1_judged,old,5.9,5.7,5.9,15.0,170666666.7,0,0,0,0,0
4,new-first,scatter_0x1_judged,new,13.9,13.7,13.9,33.0,72112676.1,0,0,0,0,0
4,new-first,scatter_0x1_judged,old,13.9,13.9,14.1,32.6,72112676.1,0,0,0,0,0
4,new-first,stats_1x1_judged,new,8.8,8.8,9.0,21.9,113777777.8,0,0,0,0,0
4,new-first,stats_1x1_judged,old,12.5,12.3,44.1,30.4,80000000.0,0,0,0,0,0
4,new-first,windows_1x1_judged,new,15.6,15.4,15.8,36.9,64000000.0,0,0,0,0,0
4,new-first,windows_1x1_judged,old,11.9,11.7,12.1,28.3,83934426.2,0,0,0,0,0
4,new-first,scatter_1x1_judged,new,69.1,64.8,101.6,154.8,14463276.8,1,0,1,24,24
4,new-first,scatter_1x1_judged,old,70.1,70.1,71.5,156.5,14261838.4,1,0,1,24,24
4,new-first,stats_128x1_judged,new,652.5,635.4,823.6,1418.6,196156839.3,0,0,0,0,0
4,new-first,stats_128x1_judged,old,879.7,805.7,1007.0,1785.6,145506216.7,0,0,0,0,0
4,new-first,windows_128x1_judged,new,641.6,641.0,691.2,1411.3,199500761.0,0,0,0,0,0
4,new-first,windows_128x1_judged,old,854.7,852.1,927.1,1878.2,149762340.0,0,0,0,0,0
4,new-first,scatter_128x1_judged,new,1431.1,1208.0,1742.0,3146.7,89444520.3,1,0,1,3072,3072
4,new-first,scatter_128x1_judged,old,1432.4,1422.5,1504.9,3138.2,89359149.2,1,0,1,3072,3072
4,new-first,stats_8192x1_judged,new,46729.7,44821.9,48306.2,102444.8,175306115.6,0,0,0,0,0
4,new-first,stats_8192x1_judged,old,53739.1,53059.4,60331.2,116657.4,152440322.2,0,0,0,0,0
4,new-first,windows_8192x1_judged,new,47160.9,45320.3,54909.4,103480.5,173703077.9,0,0,0,0,0
4,new-first,windows_8192x1_judged,old,58026.6,57204.7,63167.2,127272.3,141176724.0,0,0,0,0,0
4,new-first,scatter_8192x1_judged,new,106825.0,102803.1,114256.2,233136.5,76686169.0,1,0,1,196608,196608
4,new-first,scatter_8192x1_judged,old,122335.9,116684.4,126737.5,268023.2,66963152.2,1,0,1,196608,196608
4,new-first,stats_4096x2_judged,new,37073.4,35782.8,40035.9,81338.5,220966831.0,0,0,0,0,0
4,new-first,stats_4096x2_judged,old,40164.1,39548.4,42695.3,88091.5,203963431.2,0,0,0,0,0
4,new-first,windows_4096x2_judged,new,41675.0,41048.4,45217.2,90070.5,196568686.3,0,0,0,0,0
4,new-first,windows_4096x2_judged,old,44100.0,43321.9,47357.8,96703.5,185759637.2,0,0,0,0,0
4,new-first,scatter_4096x2_judged,new,74668.8,70637.5,80273.4,163781.3,109711224.6,1,0,1,196608,196608
4,new-first,scatter_4096x2_judged,old,89159.4,81759.4,99650.0,195447.6,91880410.8,1,0,1,196608,196608
4,new-first,stats_2048x4_judged,new,38378.1,37834.4,43423.4,84188.5,213454930.4,0,0,0,0,0
4,new-first,stats_2048x4_judged,old,38400.0,37687.5,44171.9,84054.8,213333333.3,0,0,0,0,0
4,new-first,windows_2048x4_judged,new,39237.5,37525.0,43603.1,86068.0,208779866.2,0,0,0,0,0
4,new-first,windows_2048x4_judged,old,37006.2,36667.2,40404.7,80628.5,221368012.2,0,0,0,0,0
4,new-first,scatter_2048x4_judged,new,59175.0,57851.6,65604.7,127831.3,138436839.9,1,0,1,196608,196608
4,new-first,scatter_2048x4_judged,old,68812.5,62953.1,74368.8,148104.2,119048138.1,1,0,1,196608,196608
4,new-first,stats_1024x8_judged,new,36723.4,35737.5,39946.9,79904.9,223072799.2,0,0,0,0,0
4,new-first,stats_1024x8_judged,old,37775.0,36434.4,39845.3,82768.7,216863004.6,0,0,0,0,0
4,new-first,windows_1024x8_judged,new,35798.4,35121.9,38565.6,78371.8,228836803.3,0,0,0,0,0
4,new-first,windows_1024x8_judged,old,35932.8,35554.7,41664.1,78337.5,227981041.0,0,0,0,0,0
4,new-first,scatter_1024x8_judged,new,55310.9,53079.7,63568.8,121297.8,148108138.6,1,0,1,196608,196608
4,new-first,scatter_1024x8_judged,old,63345.3,58568.8,76632.8,138929.8,129322907.7,1,0,1,196608,196608
4,new-first,stats_2048x4_mixed,new,40992.2,39373.4,45392.2,89940.1,199842957.9,0,0,0,0,0
4,new-first,stats_2048x4_mixed,old,43807.8,41057.8,52892.2,95887.2,186998609.0,0,0,0,0,0
4,new-first,windows_2048x4_mixed,new,43715.6,39645.3,47279.7,95842.6,187392951.6,0,0,0,0,0
4,new-first,windows_2048x4_mixed,old,50054.7,46817.2,61515.6,109835.7,163660995.8,0,0,0,0,0
4,new-first,scatter_2048x4_mixed,new,84957.8,80485.9,103167.2,186262.9,96424328.3,1,0,1,196608,196608
4,new-first,scatter_2048x4_mixed,old,78265.6,74960.9,92637.5,171570.1,104669195.4,1,0,1,196608,196608
5,old-first,life_changes_128,old,647.7,646.9,769.5,1431.9,197635705.7,0,0,0,0,0
5,old-first,life_changes_128,new,611.7,572.7,860.2,1323.9,209246487.9,0,0,0,0,0
5,old-first,life_plateau_128,old,989.1,959.4,1093.8,2183.0,129415481.8,0,0,0,0,0
5,old-first,life_plateau_128,new,242.2,241.4,244.5,541.9,528516129.0,0,0,0,0,0
5,old-first,life_changing_128,old,241.4,240.6,242.2,540.2,530226537.2,0,0,0,0,0
5,old-first,life_changing_128,new,238.3,231.2,371.9,533.3,537180327.9,0,0,0,0,0
5,old-first,life_mixed_128,old,810.9,810.2,966.4,1790.3,157842003.9,0,0,0,0,0
5,old-first,life_mixed_128,new,248.4,247.7,302.3,555.6,515220125.8,0,0,0,0,0
5,old-first,life_same_time_128,old,336.7,336.7,338.3,751.1,380139211.1,0,0,0,0,0
5,old-first,life_same_time_128,new,338.3,327.3,470.3,754.5,378383371.8,0,0,0,0,0
5,old-first,life_changes_8192,old,46929.7,44860.2,50136.7,102909.5,174559014.5,0,0,0,0,0
5,old-first,life_changes_8192,new,37720.3,35650.0,39111.7,81480.8,217177416.0,0,0,0,0,0
5,old-first,life_plateau_8192,old,63763.3,60914.8,66460.9,137202.9,128475195.1,0,0,0,0,0
5,old-first,life_plateau_8192,new,14964.1,14615.6,17617.2,32829.0,547444920.1,0,0,0,0,0
5,old-first,life_changing_8192,old,15518.8,14996.1,19716.4,33945.3,527877567.5,0,0,0,0,0
5,old-first,life_changing_8192,new,16135.2,15933.6,18745.3,35397.8,507711228.4,0,0,0,0,0
5,old-first,life_mixed_8192,old,56869.5,54722.7,59018.0,124602.3,144049015.7,0,0,0,0,0
5,old-first,life_mixed_8192,new,17533.6,16357.0,22310.2,38458.8,467217395.2,0,0,0,0,0
5,old-first,life_same_time_8192,old,25413.3,21505.5,27534.4,55729.0,322351132.8,0,0,0,0,0
5,old-first,life_same_time_8192,new,22360.9,21893.8,24114.8,49066.8,366353154.9,0,0,0,0,0
5,old-first,life_full_plateau,old,465.9,450.1,536.7,1019.2,2146300.6,1,1,1,48,48
5,old-first,life_full_plateau,new,76.9,67.9,92.2,169.2,12999047.9,1,0,1,16,16
5,old-first,stats_0x1_judged,old,1.6,1.6,1.6,6.4,640000000.0,0,0,0,0,0
5,old-first,stats_0x1_judged,new,1.6,1.6,1.6,6.4,640000000.0,0,0,0,0,0
5,old-first,windows_0x1_judged,old,9.6,9.4,10.7,23.6,104489795.9,0,0,0,0,0
5,old-first,windows_0x1_judged,new,8.8,8.6,43.0,21.9,113777777.8,0,0,0,0,0
5,old-first,scatter_0x1_judged,old,16.4,16.4,16.6,39.0,60952381.0,0,0,0,0,0
5,old-first,scatter_0x1_judged,new,21.1,21.1,21.3,48.9,47407407.4,0,0,0,0,0
5,old-first,stats_1x1_judged,old,12.3,12.3,12.7,29.6,81269841.3,0,0,0,0,0
5,old-first,stats_1x1_judged,new,12.1,11.5,43.2,29.6,82580645.2,0,0,0,0,0
5,old-first,windows_1x1_judged,old,13.7,13.7,14.3,33.0,73142857.1,0,0,0,0,0
5,old-first,windows_1x1_judged,new,16.0,16.0,16.2,38.2,62439024.4,0,0,0,0,0
5,old-first,scatter_1x1_judged,old,90.2,77.3,111.9,188.6,11082251.1,1,0,1,24,24
5,old-first,scatter_1x1_judged,new,77.7,77.5,110.5,173.2,12864321.6,1,0,1,24,24
5,old-first,stats_128x1_judged,old,1143.4,988.3,1311.5,2508.0,111950802.9,0,0,0,0,0
5,old-first,stats_128x1_judged,new,909.8,840.2,1090.0,2001.2,140695577.5,0,0,0,0,0
5,old-first,windows_128x1_judged,old,1220.7,1017.0,1391.6,2682.9,104857600.0,0,0,0,0,0
5,old-first,windows_128x1_judged,new,802.3,747.7,966.8,1764.6,159532619.3,0,0,0,0,0
5,old-first,scatter_128x1_judged,old,1937.1,1667.2,2051.0,4248.1,66077838.3,1,0,1,3072,3072
5,old-first,scatter_128x1_judged,new,1424.6,1369.9,1611.5,3124.0,89849191.1,1,0,1,3072,3072
5,old-first,stats_8192x1_judged,old,62746.9,60723.4,66551.6,137533.9,130556302.6,0,0,0,0,0
5,old-first,stats_8192x1_judged,new,51512.5,48875.0,56907.8,112600.1,159029361.8,0,0,0,0,0
5,old-first,windows_8192x1_judged,old,71157.8,66187.5,77670.3,156002.8,115124393.4,0,0,0,0,0
5,old-first,windows_8192x1_judged,new,55009.4,52848.4,57300.0,120632.4,148920070.4,0,0,0,0,0
5,old-first,scatter_8192x1_judged,old,139417.2,135515.6,145065.6,305657.2,58758895.8,1,0,1,196608,196608
5,old-first,scatter_8192x1_judged,new,115135.9,108928.1,120534.4,250771.9,71150677.9,1,0,1,196608,196608
5,old-first,stats_4096x2_judged,old,41331.2,39809.4,45345.3,90687.8,198203538.5,0,0,0,0,0
5,old-first,stats_4096x2_judged,new,36421.9,35692.2,38123.4,79153.8,224919776.9,0,0,0,0,0
5,old-first,windows_4096x2_judged,old,41576.6,40487.5,45987.5,90910.7,197034086.2,0,0,0,0,0
5,old-first,windows_4096x2_judged,new,44110.9,41948.4,46996.9,96778.9,185713577.3,0,0,0,0,0
5,old-first,scatter_4096x2_judged,old,92092.2,85214.1,100771.9,201892.0,88954342.6,1,0,1,196608,196608
5,old-first,scatter_4096x2_judged,new,74478.1,71867.2,85106.2,162220.8,109992027.9,1,0,1,196608,196608
5,old-first,stats_2048x4_judged,old,38528.1,37529.7,41612.5,84538.4,212623894.9,0,0,0,0,0
5,old-first,stats_2048x4_judged,new,37542.2,36912.5,40673.4,81335.0,218207849.5,0,0,0,0,0
5,old-first,windows_2048x4_judged,old,36329.7,35517.2,39418.8,79716.2,225490516.5,0,0,0,0,0
5,old-first,windows_2048x4_judged,new,34429.7,33496.9,37698.4,75165.0,237934195.6,0,0,0,0,0
5,old-first,scatter_2048x4_judged,old,63970.3,62837.5,70364.1,140017.0,128059402.6,1,0,1,196608,196608
5,old-first,scatter_2048x4_judged,new,53831.2,53062.5,57195.3,117758.3,152179263.9,1,0,1,196608,196608
5,old-first,stats_1024x8_judged,old,38303.1,37618.8,42131.2,82813.3,213872889.0,0,0,0,0,0
5,old-first,stats_1024x8_judged,new,35042.2,34920.3,38985.9,76814.7,233775360.1,0,0,0,0,0
5,old-first,windows_1024x8_judged,old,37262.5,36606.2,41467.2,81664.3,219845689.4,0,0,0,0,0
5,old-first,windows_1024x8_judged,new,35900.0,35128.1,40698.4,78766.2,228189415.0,0,0,0,0,0
5,old-first,scatter_1024x8_judged,old,59045.3,58282.8,67096.9,129484.4,138740903.4,1,0,1,196608,196608
5,old-first,scatter_1024x8_judged,new,55467.2,53860.9,58418.8,121627.0,147690920.9,1,0,1,196608,196608
5,old-first,stats_2048x4_mixed,old,44814.1,43764.1,46520.3,98250.2,182799762.9,0,0,0,0,0
5,old-first,stats_2048x4_mixed,new,43804.7,41959.4,46784.4,96171.9,187011949.3,0,0,0,0,0
5,old-first,windows_2048x4_mixed,old,46015.6,44417.2,48795.3,100781.4,178026485.6,0,0,0,0,0
5,old-first,windows_2048x4_mixed,new,39579.7,38353.1,40937.5,86832.8,206974852.9,0,0,0,0,0
5,old-first,scatter_2048x4_mixed,old,73820.3,69868.8,77434.4,161606.9,110972166.4,1,0,1,196608,196608
5,old-first,scatter_2048x4_mixed,new,75159.4,69082.8,79610.9,164769.1,108995052.2,1,0,1,196608,196608
