run,threads,scene,variant,median_ns,min_ns,max_ns,cycles_per_frame,cycle_counter,frames_per_s,allocs,reallocs,frees,allocated_bytes
1,1,no-depth,before,233916754.2,232242537.5,236534779.2,512448704.8,thread,4.275,0,0,0,0
1,1,no-depth,after,230423566.7,229174162.5,231902508.3,504849276.1,thread,4.340,0,0,0,0
1,1,mines-8,before,248214858.3,246411470.8,251549358.3,543818329.1,thread,4.029,0,0,0,0
1,1,mines-8,after,241622133.3,239982695.8,242830954.2,529370188.6,thread,4.139,0,0,0,0
1,1,mines-32,before,291564225.0,288147866.7,295062291.7,638795522.6,thread,3.430,0,0,0,0
1,1,mines-32,after,261175012.5,259902508.3,263184970.8,572218445.5,thread,3.829,0,0,0,0
1,1,depth-bg,before,440426945.8,436452200.0,452295250.0,964950315.2,thread,2.271,0,0,0,0
1,1,depth-bg,after,442130950.0,440244562.5,446528487.5,968273196.8,thread,2.262,0,0,0,0
2,1,no-depth,before,230059383.3,229254791.7,233760558.3,503810548.8,thread,4.347,0,0,0,0
2,1,no-depth,after,230580458.3,229666045.8,235518141.7,505210950.1,thread,4.337,0,0,0,0
2,1,mines-8,before,247928812.5,247217295.8,249534029.2,543191236.1,thread,4.033,0,0,0,0
2,1,mines-8,after,241325287.5,239998041.7,245650370.8,528790772.7,thread,4.144,0,0,0,0
2,1,mines-32,before,293920025.0,292658866.7,296710408.3,643861627.5,thread,3.402,0,0,0,0
2,1,mines-32,after,262563183.3,260967658.3,264803462.5,575308739.2,thread,3.809,0,0,0,0
2,1,depth-bg,after,434611212.5,432893133.3,438310925.0,952117394.7,thread,2.301,0,0,0,0
2,1,depth-bg,after,438805183.3,436448529.2,443031566.7,961380083.0,thread,2.279,0,0,0,0
3,1,no-depth,before,234338995.8,231465154.2,237662883.3,513468557.2,thread,4.267,0,0,0,0
3,1,no-depth,after,234275295.8,230346279.2,240342629.2,513154461.7,thread,4.268,0,0,0,0
3,1,mines-8,before,250833829.2,249512329.2,253815566.7,549578393.6,thread,3.987,0,0,0,0
3,1,mines-8,after,244397766.7,240608412.5,249967641.7,535504016.4,thread,4.092,0,0,0,0
3,1,mines-32,before,294546041.7,290011916.7,296983658.3,645288348.8,thread,3.395,0,0,0,0
3,1,mines-32,after,264460400.0,262001612.5,267745025.0,579371639.4,thread,3.781,0,0,0,0
3,1,depth-bg,before,448160083.3,441562400.0,460398937.5,981782087.1,thread,2.231,0,0,0,0
3,1,depth-bg,before,447370645.8,443096070.8,450908433.3,980044399.5,thread,2.235,0,0,0,0
1,8,no-depth,before,36085525.0,35643645.8,36690825.0,564754000.9,process,27.712,0,0,0,0
1,8,no-depth,after,35969500.0,35614658.3,36487458.3,566674104.5,process,27.801,0,0,0,0
1,8,mines-8,before,38522204.2,37982058.3,38812450.0,598780653.2,process,25.959,0,0,0,0
1,8,mines-8,after,37953720.8,37632945.8,38377137.5,588704800.2,process,26.348,0,0,0,0
1,8,mines-32,before,45229750.0,44681529.2,45430166.7,684565040.6,process,22.109,0,0,0,0
1,8,mines-32,after,42199812.5,41689591.7,42797883.3,642958156.7,process,23.697,0,0,0,0
1,8,depth-bg,before,69604829.2,68902883.3,69915291.7,1065235850.2,process,14.367,0,0,0,0
2,8,no-depth,before,35983087.5,35547837.5,36054804.2,564933898.3,process,27.791,0,0,0,0
2,8,no-depth,after,36082595.8,35700933.3,36288458.3,566396190.8,process,27.714,0,0,0,0
2,8,mines-8,before,38397237.5,38077212.5,38823179.2,595981689.1,process,26.044,0,0,0,0
2,8,mines-8,after,37923600.0,37615870.8,38119095.8,589118374.1,process,26.369,0,0,0,0
2,8,mines-32,before,44947433.3,44314950.0,45332345.8,684752556.9,process,22.248,0,0,0,0
2,8,mines-32,after,42053962.5,41495325.0,42457445.8,641991139.4,process,23.779,0,0,0,0
2,8,depth-bg,after,69607775.0,69094562.5,69779420.8,1065283711.8,process,14.366,0,0,0,0
2,8,depth-bg,after,69512029.2,69112966.7,69890654.2,1067721595.8,process,14.386,0,0,0,0
3,8,no-depth,before,35884383.3,35605254.2,36682716.7,564908755.8,process,27.867,0,0,0,0
3,8,no-depth,after,35924241.7,35655308.3,36173275.0,563245167.2,process,27.836,0,0,0,0
3,8,mines-8,before,38359358.3,37862662.5,38746829.2,596068658.1,process,26.069,0,0,0,0
3,8,mines-8,after,38030225.0,37420487.5,38238437.5,587890453.8,process,26.295,0,0,0,0
3,8,mines-32,before,45009504.2,44356425.0,45534241.7,682753570.6,process,22.218,0,0,0,0
3,8,mines-32,after,42185370.8,41916245.8,42892275.0,643319764.9,process,23.705,0,0,0,0
3,8,depth-bg,before,69400629.2,68762812.5,69419791.7,1064585216.4,process,14.409,0,0,0,0
3,8,depth-bg,before,69493070.8,69057845.8,69659150.0,1062668943.0,process,14.390,0,0,0,0
3,8,depth-bg,after,69882541.7,69688812.5,70542516.7,1071330059.9,process,14.310,0,0,0,0
