run,order,samples,iterations_per_sample,path,logging,variant,ns_per_op,min_ns_per_op,max_ns_per_op,thread_cycles_per_op,calls_per_second,allocs,reallocs,frees,allocated_bytes,freed_bytes
1,old-first,7,1048576,host,off,old,31.3,30.5,33.5,68.5,31997070.6,0,0,0,0,0
1,old-first,7,1048576,host,off,new,31.9,30.2,32.5,69.9,31372511.5,0,0,0,0,0
1,old-first,7,1048576,instant-past,off,old,42.9,42.6,49.9,94.1,23313241.9,0,0,0,0,0
1,old-first,7,1048576,instant-past,off,new,33.2,31.9,34.0,72.7,30143014.4,0,0,0,0,0
1,old-first,7,1048576,instant-future,off,old,64.7,59.8,68.5,141.7,15463806.8,0,0,0,0,0
1,old-first,7,1048576,instant-future,off,new,41.8,41.0,45.9,91.7,23904997.9,0,0,0,0,0
1,old-first,7,1048576,host,filtered,old,30.9,30.1,32.5,67.8,32358962.5,0,0,0,0,0
1,old-first,7,1048576,host,filtered,new,30.3,29.8,31.0,66.5,32953052.0,0,0,0,0,0
1,old-first,7,1048576,instant-past,filtered,old,42.9,41.4,45.7,93.9,23317130.0,0,0,0,0,0
1,old-first,7,1048576,instant-past,filtered,new,33.2,32.0,34.4,72.6,30165473.8,0,0,0,0,0
1,old-first,7,1048576,instant-future,filtered,old,62.0,59.8,63.3,135.7,16135761.4,0,0,0,0,0
1,old-first,7,1048576,instant-future,filtered,new,41.7,40.8,43.0,91.3,23998498.6,0,0,0,0,0
1,old-first,7,16384,host,formatted,old,1009.2,970.9,1043.4,2212.9,990897.8,0,0,0,0,0
1,old-first,7,16384,host,formatted,new,1031.6,953.6,1055.5,2258.4,969375.7,0,0,0,0,0
1,old-first,7,16384,instant-past,formatted,old,1005.0,981.5,1085.8,2204.2,995062.3,0,0,0,0,0
1,old-first,7,16384,instant-past,formatted,new,1001.1,936.1,1070.4,2191.0,998914.8,0,0,0,0,0
1,old-first,7,16384,instant-future,formatted,old,1057.3,958.5,1116.1,2317.0,945827.4,0,0,0,0,0
1,old-first,7,16384,instant-future,formatted,new,1046.3,1005.1,1098.5,2294.2,955770.0,0,0,0,0,0
2,new-first,7,1048576,host,off,new,31.5,30.3,32.8,69.1,31734736.8,0,0,0,0,0
2,new-first,7,1048576,host,off,old,32.3,31.1,33.5,70.9,30937925.1,0,0,0,0,0
2,new-first,7,1048576,instant-past,off,new,34.8,32.3,36.9,76.3,28744017.2,0,0,0,0,0
2,new-first,7,1048576,instant-past,off,old,43.6,42.5,45.2,95.6,22925105.8,0,0,0,0,0
2,new-first,7,1048576,instant-future,off,new,41.7,41.1,44.2,91.4,23978413.0,0,0,0,0,0
2,new-first,7,1048576,instant-future,off,old,62.1,60.2,67.5,136.2,16094920.1,0,0,0,0,0
2,new-first,7,1048576,host,filtered,new,31.2,30.0,33.0,68.4,32074783.7,0,0,0,0,0
2,new-first,7,1048576,host,filtered,old,32.1,31.7,33.0,70.3,31178667.4,0,0,0,0,0
2,new-first,7,1048576,instant-past,filtered,new,33.7,32.7,34.7,73.9,29671248.8,0,0,0,0,0
2,new-first,7,1048576,instant-past,filtered,old,44.0,43.1,44.8,96.4,22737742.4,0,0,0,0,0
2,new-first,7,1048576,instant-future,filtered,new,42.0,41.2,43.2,92.0,23836365.0,0,0,0,0,0
2,new-first,7,1048576,instant-future,filtered,old,62.3,61.4,64.2,136.5,16057923.8,0,0,0,0,0
2,new-first,7,16384,host,formatted,new,1034.3,978.1,1095.7,2268.1,966881.5,0,0,0,0,0
2,new-first,7,16384,host,formatted,old,1050.3,979.5,1122.2,2302.8,952098.7,0,0,0,0,0
2,new-first,7,16384,instant-past,formatted,new,1036.3,982.6,1063.6,2272.0,964996.5,0,0,0,0,0
2,new-first,7,16384,instant-past,formatted,old,1070.1,993.1,1102.8,2343.4,934498.4,0,0,0,0,0
2,new-first,7,16384,instant-future,formatted,new,1046.0,1023.1,1111.1,2293.7,955993.0,0,0,0,0,0
2,new-first,7,16384,instant-future,formatted,old,1047.6,968.4,1096.1,2297.0,954561.6,0,0,0,0,0
3,old-first,7,1048576,host,off,old,32.2,31.3,33.6,70.5,31092410.6,0,0,0,0,0
3,old-first,7,1048576,host,off,new,30.2,29.5,31.7,66.3,33068614.4,0,0,0,0,0
3,old-first,7,1048576,instant-past,off,old,45.6,44.4,48.8,100.0,21910517.1,0,0,0,0,0
3,old-first,7,1048576,instant-past,off,new,36.9,34.6,38.1,80.7,27130530.2,0,0,0,0,0
3,old-first,7,1048576,instant-future,off,old,63.0,61.9,65.5,138.2,15867704.6,0,0,0,0,0
3,old-first,7,1048576,instant-future,off,new,44.2,42.6,44.8,96.8,22644250.8,0,0,0,0,0
3,old-first,7,1048576,host,filtered,old,31.9,29.4,34.7,69.8,31378426.0,0,0,0,0,0
3,old-first,7,1048576,host,filtered,new,30.4,29.7,31.9,66.5,32891136.2,0,0,0,0,0
3,old-first,7,1048576,instant-past,filtered,old,42.7,41.8,43.3,93.6,23415801.9,0,0,0,0,0
3,old-first,7,1048576,instant-past,filtered,new,33.5,31.7,38.2,73.4,29841143.4,0,0,0,0,0
3,old-first,7,1048576,instant-future,filtered,old,61.2,59.1,62.3,134.0,16345944.6,0,0,0,0,0
3,old-first,7,1048576,instant-future,filtered,new,41.9,40.2,43.5,91.8,23858818.8,0,0,0,0,0
3,old-first,7,16384,host,formatted,old,988.9,943.9,1047.0,2165.7,1011189.5,0,0,0,0,0
3,old-first,7,16384,host,formatted,new,1055.4,981.2,1165.9,2314.1,947534.0,0,0,0,0,0
3,old-first,7,16384,instant-past,formatted,old,1036.2,938.7,1076.2,2272.2,965064.7,0,0,0,0,0
3,old-first,7,16384,instant-past,formatted,new,1021.1,967.2,1051.5,2238.9,979342.0,0,0,0,0,0
3,old-first,7,16384,instant-future,formatted,old,1013.8,969.3,1082.9,2222.5,986411.6,0,0,0,0,0
3,old-first,7,16384,instant-future,formatted,new,1029.2,991.1,1082.8,2256.4,971606.1,0,0,0,0,0
4,new-first,7,1048576,host,off,new,29.9,28.8,30.8,65.4,33433003.3,0,0,0,0,0
4,new-first,7,1048576,host,off,old,32.2,31.4,33.3,70.6,31059623.6,0,0,0,0,0
4,new-first,7,1048576,instant-past,off,new,34.4,32.5,36.3,75.5,29036050.8,0,0,0,0,0
4,new-first,7,1048576,instant-past,off,old,43.0,42.0,43.7,94.1,23270144.9,0,0,0,0,0
4,new-first,7,1048576,instant-future,off,new,41.5,39.9,44.2,90.8,24108631.6,0,0,0,0,0
4,new-first,7,1048576,instant-future,off,old,60.5,60.0,64.5,132.6,16527661.5,0,0,0,0,0
4,new-first,7,1048576,host,filtered,new,30.5,29.6,31.3,66.9,32746612.4,0,0,0,0,0
4,new-first,7,1048576,host,filtered,old,30.0,29.3,32.6,65.8,33316260.7,0,0,0,0,0
4,new-first,7,1048576,instant-past,filtered,new,32.2,31.9,32.9,70.6,31058335.7,0,0,0,0,0
4,new-first,7,1048576,instant-past,filtered,old,42.7,41.4,43.6,93.7,23405662.0,0,0,0,0,0
4,new-first,7,1048576,instant-future,filtered,new,41.4,40.3,42.4,90.7,24151277.1,0,0,0,0,0
4,new-first,7,1048576,instant-future,filtered,old,61.8,60.2,62.2,135.5,16180479.9,0,0,0,0,0
4,new-first,7,16384,host,formatted,new,1039.5,984.0,1121.8,2276.3,962016.1,0,0,0,0,0
4,new-first,7,16384,host,formatted,old,1128.2,1024.4,1175.9,2473.7,886330.7,0,0,0,0,0
4,new-first,7,16384,instant-past,formatted,new,1110.5,1077.6,1152.8,2432.4,900477.1,0,0,0,0,0
4,new-first,7,16384,instant-past,formatted,old,1078.0,1014.3,1146.6,2361.3,927672.8,0,0,0,0,0
4,new-first,7,16384,instant-future,formatted,new,1078.3,992.6,1101.4,2363.7,927373.5,0,0,0,0,0
4,new-first,7,16384,instant-future,formatted,old,1053.5,1006.5,1075.2,2310.3,949224.8,0,0,0,0,0
5,old-first,7,1048576,host,off,old,32.0,31.8,32.6,70.2,31249471.0,0,0,0,0,0
5,old-first,7,1048576,host,off,new,30.9,30.2,34.7,67.7,32363257.0,0,0,0,0,0
5,old-first,7,1048576,instant-past,off,old,44.8,43.9,46.2,98.3,22309605.5,0,0,0,0,0
5,old-first,7,1048576,instant-past,off,new,33.4,33.2,35.4,73.2,29960769.5,0,0,0,0,0
5,old-first,7,1048576,instant-future,off,old,61.7,60.6,65.6,135.2,16211399.3,0,0,0,0,0
5,old-first,7,1048576,instant-future,off,new,41.8,40.8,43.1,91.7,23901238.2,0,0,0,0,0
5,old-first,7,1048576,host,filtered,old,30.7,30.1,32.2,67.2,32600616.2,0,0,0,0,0
5,old-first,7,1048576,host,filtered,new,32.0,30.2,35.4,70.2,31251613.1,0,0,0,0,0
5,old-first,7,1048576,instant-past,filtered,old,43.9,43.2,44.8,96.2,22790869.5,0,0,0,0,0
5,old-first,7,1048576,instant-past,filtered,new,34.5,33.4,36.8,75.7,28950832.7,0,0,0,0,0
5,old-first,7,1048576,instant-future,filtered,old,63.7,62.8,66.0,139.7,15696047.2,0,0,0,0,0
5,old-first,7,1048576,instant-future,filtered,new,43.2,42.4,46.6,94.6,23169110.1,0,0,0,0,0
5,old-first,7,16384,host,formatted,old,1084.0,1001.5,1162.7,2376.7,922475.8,0,0,0,0,0
5,old-first,7,16384,host,formatted,new,1033.4,993.3,1097.2,2265.0,967652.4,0,0,0,0,0
5,old-first,7,16384,instant-past,formatted,old,1068.8,994.4,1111.2,2343.7,935608.4,0,0,0,0,0
5,old-first,7,16384,instant-past,formatted,new,1018.2,999.0,1081.0,2232.9,982089.3,0,0,0,0,0
5,old-first,7,16384,instant-future,formatted,old,1078.5,1017.2,1165.1,2365.1,927200.3,0,0,0,0,0
5,old-first,7,16384,instant-future,formatted,new,1087.5,1041.4,1150.3,2385.0,919509.3,0,0,0,0,0
6,new-first,7,1048576,host,off,new,31.2,31.0,31.4,68.4,32029421.6,0,0,0,0,0
6,new-first,7,1048576,host,off,old,33.2,32.1,34.3,72.8,30110901.2,0,0,0,0,0
6,new-first,7,1048576,instant-past,off,new,34.3,33.2,34.9,75.2,29157159.2,0,0,0,0,0
6,new-first,7,1048576,instant-past,off,old,46.3,42.7,48.0,101.5,21602129.4,0,0,0,0,0
6,new-first,7,1048576,instant-future,off,new,42.0,40.5,44.3,91.9,23832681.0,0,0,0,0,0
6,new-first,7,1048576,instant-future,off,old,61.2,59.7,67.2,134.0,16342327.1,0,0,0,0,0
6,new-first,7,1048576,host,filtered,new,33.5,30.9,34.9,73.3,29857882.8,0,0,0,0,0
6,new-first,7,1048576,host,filtered,old,30.1,29.3,31.1,66.0,33189086.5,0,0,0,0,0
6,new-first,7,1048576,instant-past,filtered,new,33.6,32.5,35.1,73.6,29772428.5,0,0,0,0,0
6,new-first,7,1048576,instant-past,filtered,old,42.1,41.1,43.3,92.2,23763815.9,0,0,0,0,0
6,new-first,7,1048576,instant-future,filtered,new,42.0,40.7,43.8,91.9,23819741.8,0,0,0,0,0
6,new-first,7,1048576,instant-future,filtered,old,60.5,58.8,64.0,132.5,16536888.7,0,0,0,0,0
6,new-first,7,16384,host,formatted,new,1007.1,928.3,1063.2,2205.0,992987.8,0,0,0,0,0
6,new-first,7,16384,host,formatted,old,1015.8,960.2,1038.9,2226.5,984420.2,0,0,0,0,0
6,new-first,7,16384,instant-past,formatted,new,1012.8,984.1,1070.4,2217.9,987368.6,0,0,0,0,0
6,new-first,7,16384,instant-past,formatted,old,1004.2,975.4,1051.7,2194.4,995830.4,0,0,0,0,0
6,new-first,7,16384,instant-future,formatted,new,1011.7,994.3,1075.4,2213.8,988417.0,0,0,0,0,0
6,new-first,7,16384,instant-future,formatted,old,1037.7,976.5,1125.4,2275.6,963691.0,0,0,0,0,0
7,old-first,7,1048576,host,off,old,31.6,29.2,32.4,69.1,31645762.2,0,0,0,0,0
7,old-first,7,1048576,host,off,new,29.8,29.4,31.4,65.3,33578823.7,0,0,0,0,0
7,old-first,7,1048576,instant-past,off,old,42.7,41.9,43.8,93.6,23420979.7,0,0,0,0,0
7,old-first,7,1048576,instant-past,off,new,33.2,32.8,33.6,72.8,30077389.5,0,0,0,0,0
7,old-first,7,1048576,instant-future,off,old,60.4,59.9,61.5,132.4,16556550.3,0,0,0,0,0
7,old-first,7,1048576,instant-future,off,new,40.9,40.4,42.4,89.7,24445522.0,0,0,0,0,0
7,old-first,7,1048576,host,filtered,old,30.5,29.9,31.3,67.0,32740988.7,0,0,0,0,0
7,old-first,7,1048576,host,filtered,new,30.1,29.5,31.4,66.0,33222525.7,0,0,0,0,0
7,old-first,7,1048576,instant-past,filtered,old,42.5,41.0,42.7,93.2,23512412.4,0,0,0,0,0
7,old-first,7,1048576,instant-past,filtered,new,33.9,32.6,34.9,74.3,29486933.6,0,0,0,0,0
7,old-first,7,1048576,instant-future,filtered,old,63.8,62.4,64.3,139.8,15683979.9,0,0,0,0,0
7,old-first,7,1048576,instant-future,filtered,new,43.9,42.3,47.8,96.3,22761038.4,0,0,0,0,0
7,old-first,7,16384,host,formatted,old,1041.6,1026.2,1104.4,2283.9,960048.8,0,0,0,0,0
7,old-first,7,16384,host,formatted,new,1059.5,978.9,1087.9,2323.1,943876.7,0,0,0,0,0
7,old-first,7,16384,instant-past,formatted,old,1043.6,1003.3,1085.7,2288.3,958240.7,0,0,0,0,0
7,old-first,7,16384,instant-past,formatted,new,1033.6,1022.3,1143.5,2266.4,967521.0,0,0,0,0,0
7,old-first,7,16384,instant-future,formatted,old,1033.2,1001.7,1126.1,2265.1,967835.3,0,0,0,0,0
7,old-first,7,16384,instant-future,formatted,new,1042.5,1019.0,1123.9,2286.1,959211.3,0,0,0,0,0
