affinity_mask,run,order,mode,case,version,median_ns,min_ns,max_ns,thread_cycles,items_per_second,allocs,reallocs,frees,allocated_bytes,freed_bytes
2,1,old-first,untracked,sprites_layers,old,11080.5,5737.9,12228.1,25865.8,184829725.7,0,0,0,0,0
2,1,old-first,untracked,sprites_layers,new,3498.0,3275.0,3895.3,9336.5,585469570.1,0,0,0,0,0
2,1,old-first,untracked,sprites_16layers,old,3962.5,3886.7,4098.4,10409.1,516845425.9,0,0,0,0,0
2,1,old-first,untracked,sprites_16layers,new,3405.9,3312.5,3566.0,9058.7,601316664.8,0,0,0,0,0
2,1,old-first,untracked,sprites_same_z,old,3921.5,3634.8,4304.3,10139.0,522251220.2,0,0,0,0,0
2,1,old-first,untracked,sprites_same_z,new,3371.9,3245.7,3502.7,8986.6,607377201.1,0,0,0,0,0
2,1,old-first,untracked,sprites_textures,old,13040.6,12878.1,13601.2,30286.7,157047687.5,0,0,0,0,0
2,1,old-first,untracked,sprites_textures,new,12715.2,12409.0,13145.7,29000.6,161066633.9,0,0,0,0,0
2,1,old-first,untracked,sprites_fragmented,old,13514.5,13207.0,14230.1,31285.6,151541463.1,0,0,0,0,0
2,1,old-first,untracked,sprites_fragmented,new,13142.6,12580.9,14066.0,30656.2,155829395.2,0,0,0,0,0
2,1,old-first,untracked,meshes_layers,old,48756.2,48098.4,49589.8,108937.2,42004871.2,0,0,0,0,0
2,1,old-first,untracked,meshes_layers,new,48848.0,48491.8,49709.8,108637.1,41925934.2,0,0,0,0,0
2,1,old-first,untracked,meshes_same_z,old,47934.0,46475.4,54616.8,107035.4,42725428.0,0,0,0,0,0
2,1,old-first,untracked,meshes_same_z,new,47804.7,46468.8,49950.8,106966.0,42840987.1,0,0,0,0,0
2,1,old-first,untracked,meshes_cameras,old,58161.3,56758.6,59371.9,128536.1,35212400.9,0,0,0,0,0
2,1,old-first,untracked,meshes_cameras,new,57239.1,56546.5,58388.7,127099.9,35779761.4,0,0,0,0,0
2,1,old-first,untracked,tmesh_layers,old,70382.4,67840.2,71318.0,152681.1,29098174.6,0,0,0,0,0
2,1,old-first,untracked,tmesh_layers,new,68100.0,66752.7,70012.5,150740.7,30073421.4,0,0,0,0,0
2,1,old-first,untracked,tmesh_16layers,old,69515.6,68205.9,73287.9,154874.4,29461002.5,0,0,0,0,0
2,1,old-first,untracked,tmesh_16layers,new,67935.9,66718.4,70354.7,150036.0,30146047.5,0,0,0,0,0
2,1,old-first,untracked,tmesh_depth,old,71206.2,69134.4,72238.7,156525.8,28761520.2,0,0,0,0,0
2,1,old-first,untracked,tmesh_depth,new,67296.5,66041.0,69122.3,149725.6,30432496.1,0,0,0,0,0
2,1,old-first,untracked,tmesh_cameras,old,76454.7,71967.6,90530.9,163717.0,26787108.4,0,0,0,0,0
2,1,old-first,untracked,tmesh_cameras,new,72528.5,70949.6,75854.3,160409.9,28237169.6,0,0,0,0,0
2,1,old-first,untracked,mixed,old,44701.6,42668.0,51540.6,99085.4,45814953.3,0,0,0,0,0
2,1,old-first,untracked,mixed,new,42549.2,41883.6,43728.1,94937.2,48132493.6,0,0,0,0,0
2,1,old-first,tracked,sprites_layers,old,6527.3,5937.1,6695.3,15126.7,313757031.7,0,0,0,0,0
2,1,old-first,tracked,sprites_layers,new,3648.8,3570.7,4496.9,9547.4,561276094.6,0,0,0,0,0
2,1,old-first,tracked,sprites_16layers,old,4011.3,3848.0,4271.9,10370.5,510554094.8,0,0,0,0,0
2,1,old-first,tracked,sprites_16layers,new,3705.9,3568.4,3820.7,9544.0,552638347.2,0,0,0,0,0
2,1,old-first,tracked,sprites_same_z,old,3701.6,3675.8,4057.0,9766.0,553279864.9,0,0,0,0,0
2,1,old-first,tracked,sprites_same_z,new,3679.7,3555.1,4131.6,9622.0,556569002.1,0,0,0,0,0
2,1,old-first,tracked,sprites_textures,old,17459.4,16797.7,17575.0,39812.7,117300877.0,0,0,0,0,0
2,1,old-first,tracked,sprites_textures,new,17914.1,16827.0,19618.0,41086.8,114323593.5,0,0,0,0,0
2,1,old-first,tracked,sprites_fragmented,old,18395.7,18164.1,20990.6,42131.1,111330346.3,0,0,0,0,0
2,1,old-first,tracked,sprites_fragmented,new,18426.6,18297.7,23203.5,42358.3,111143898.9,0,0,0,0,0
2,1,old-first,tracked,meshes_layers,old,49106.2,48623.8,52361.3,109551.1,41705485.6,0,0,0,0,0
2,1,old-first,tracked,meshes_layers,new,49940.2,48907.8,54022.7,111077.3,41009018.6,0,0,0,0,0
2,1,old-first,tracked,meshes_same_z,old,47659.4,47229.7,48994.5,105950.8,42971608.4,0,0,0,0,0
2,1,old-first,tracked,meshes_same_z,new,47301.2,46418.4,54180.9,105173.1,43297024.6,0,0,0,0,0
2,1,old-first,tracked,meshes_cameras,old,57408.6,57038.3,60367.2,127956.5,35674101.5,0,0,0,0,0
2,1,old-first,tracked,meshes_cameras,new,57606.2,56090.2,70947.7,127352.0,35551697.9,0,0,0,0,0
2,1,old-first,tracked,tmesh_layers,old,69327.0,68306.6,71683.2,153418.5,29541180.0,0,0,0,0,0
2,1,old-first,tracked,tmesh_layers,new,71371.1,67144.9,75459.4,157544.4,28695090.6,0,0,0,0,0
2,1,old-first,tracked,tmesh_16layers,old,68255.5,67364.8,71182.8,150797.4,30004921.8,0,0,0,0,0
2,1,old-first,tracked,tmesh_16layers,new,67703.1,66100.4,70665.6,149397.2,30249711.5,0,0,0,0,0
2,1,old-first,tracked,tmesh_depth,old,71880.5,68951.6,73973.0,157531.5,28491745.2,0,0,0,0,0
2,1,old-first,tracked,tmesh_depth,new,67698.0,67171.1,70812.1,149486.3,30251980.6,0,0,0,0,0
2,1,old-first,tracked,tmesh_cameras,old,75184.8,73905.5,76806.6,166223.2,27239560.9,0,0,0,0,0
2,1,old-first,tracked,tmesh_cameras,new,88067.6,78623.0,104163.7,192387.4,23254869.1,0,0,0,0,0
2,1,old-first,tracked,mixed,old,49403.5,45641.0,57295.7,108575.3,41454539.7,0,0,0,0,0
2,1,old-first,tracked,mixed,new,48309.8,46491.4,50137.9,104289.9,42393085.0,0,0,0,0,0
2,2,new-first,untracked,sprites_layers,new,3657.4,3512.9,3858.2,9788.3,559957278.7,0,0,0,0,0
2,2,new-first,untracked,sprites_layers,old,5761.3,5395.7,6409.4,13867.9,355473591.4,0,0,0,0,0
2,2,new-first,untracked,sprites_16layers,new,5009.0,4299.6,5714.1,11877.9,408865320.1,0,0,0,0,0
2,2,new-first,untracked,sprites_16layers,old,4671.9,3957.8,4793.4,12316.0,438367893.0,0,0,0,0,0
2,2,new-first,untracked,sprites_same_z,new,3400.4,3320.3,3577.3,9025.2,602283745.0,0,0,0,0,0
2,2,new-first,untracked,sprites_same_z,old,3772.7,3680.5,4073.4,9887.8,542853592.9,0,0,0,0,0
2,2,new-first,untracked,sprites_textures,new,12278.9,12053.1,12586.7,28525.6,166790099.9,0,0,0,0,0
2,2,new-first,untracked,sprites_textures,old,13237.5,13002.3,13641.8,31006.1,154711992.4,0,0,0,0,0
2,2,new-first,untracked,sprites_fragmented,new,15628.1,13466.8,16473.4,36564.8,131045790.8,0,0,0,0,0
2,2,new-first,untracked,sprites_fragmented,old,16016.8,15760.2,16484.4,37154.6,127865765.9,0,0,0,0,0
2,2,new-first,untracked,meshes_layers,new,59730.5,57596.1,61306.6,133560.6,34287358.6,0,0,0,0,0
2,2,new-first,untracked,meshes_layers,old,52270.3,49039.8,55312.5,116977.2,39180940.4,0,0,0,0,0
2,2,new-first,untracked,meshes_same_z,new,58084.4,52019.9,59461.3,130033.2,35259052.0,0,0,0,0,0
2,2,new-first,untracked,meshes_same_z,old,52782.8,48493.8,59555.5,118275.3,38800509.2,0,0,0,0,0
2,2,new-first,untracked,meshes_cameras,new,69645.7,67638.7,70995.7,155307.4,29405977.8,0,0,0,0,0
2,2,new-first,untracked,meshes_cameras,old,69016.4,56959.8,70425.0,153978.4,29674103.8,0,0,0,0,0
2,2,new-first,untracked,tmesh_layers,new,74928.5,67192.2,83076.6,166944.3,27332718.2,0,0,0,0,0
2,2,new-first,untracked,tmesh_layers,old,83214.1,82329.3,84682.0,185063.4,24611224.8,0,0,0,0,0
2,2,new-first,untracked,tmesh_16layers,new,76214.5,66762.1,84578.1,163289.1,26871543.6,0,0,0,0,0
2,2,new-first,untracked,tmesh_16layers,old,68705.5,67133.2,70149.6,152366.4,29808398.6,0,0,0,0,0
2,2,new-first,untracked,tmesh_depth,new,69984.4,66441.4,78498.0,153656.0,29263674.9,0,0,0,0,0
2,2,new-first,untracked,tmesh_depth,old,68342.6,67739.1,70762.1,151439.6,29966677.5,0,0,0,0,0
2,2,new-first,untracked,tmesh_cameras,new,76351.2,72396.9,84911.3,166286.7,26823425.9,0,0,0,0,0
2,2,new-first,untracked,tmesh_cameras,old,76915.6,73414.8,79369.5,169586.1,26626579.4,0,0,0,0,0
2,2,new-first,untracked,mixed,new,43884.4,42129.7,47643.8,98448.3,46668090.9,0,0,0,0,0
2,2,new-first,untracked,mixed,old,46140.6,42804.3,47574.2,101257.2,44386048.1,0,0,0,0,0
2,2,new-first,tracked,sprites_layers,new,3696.5,3508.6,3922.7,9787.5,554039945.0,0,0,0,0,0
2,2,new-first,tracked,sprites_layers,old,6285.5,6110.2,7107.8,15319.6,325826859.7,0,0,0,0,0
2,2,new-first,tracked,sprites_16layers,new,3738.3,3613.7,3850.0,9703.4,547845350.1,0,0,0,0,0
2,2,new-first,tracked,sprites_16layers,old,4184.0,3789.8,4435.5,10521.4,489485575.6,0,0,0,0,0
2,2,new-first,tracked,sprites_same_z,new,3532.4,3469.5,3732.0,9481.4,579772199.5,0,0,0,0,0
2,2,new-first,tracked,sprites_same_z,old,3853.9,3575.4,4111.7,10266.8,531408879.0,0,0,0,0,0
2,2,new-first,tracked,sprites_textures,new,17523.8,16634.8,19001.2,40279.1,116869441.2,0,0,0,0,0
2,2,new-first,tracked,sprites_textures,old,18786.7,17369.1,20589.8,41993.9,109013182.5,0,0,0,0,0
2,2,new-first,tracked,sprites_fragmented,new,19984.0,18853.1,21521.1,44672.6,102482065.7,0,0,0,0,0
2,2,new-first,tracked,sprites_fragmented,old,19439.8,19223.4,21225.4,44665.7,105350641.0,0,0,0,0,0
2,2,new-first,tracked,meshes_layers,new,52634.0,51737.5,53028.1,116898.3,38910221.7,0,0,0,0,0
2,2,new-first,tracked,meshes_layers,old,51123.4,48889.1,54235.2,113292.0,40059904.0,0,0,0,0,0
2,2,new-first,tracked,meshes_same_z,new,48785.2,46479.3,52229.7,108246.9,41979982.4,0,0,0,0,0
2,2,new-first,tracked,meshes_same_z,old,47849.6,47523.8,52155.9,106797.1,42800767.4,0,0,0,0,0
2,2,new-first,tracked,meshes_cameras,new,56260.5,55505.9,57456.2,125181.9,36402063.5,0,0,0,0,0
2,2,new-first,tracked,meshes_cameras,old,57820.7,56519.1,61228.9,128379.2,35419839.1,0,0,0,0,0
2,2,new-first,tracked,tmesh_layers,new,68041.4,67437.5,76247.3,150521.3,30099319.1,0,0,0,0,0
2,2,new-first,tracked,tmesh_layers,old,70415.6,67503.9,77432.0,156074.0,29084453.9,0,0,0,0,0
2,2,new-first,tracked,tmesh_16layers,new,68922.7,67979.7,69724.2,151948.9,29714467.1,0,0,0,0,0
2,2,new-first,tracked,tmesh_16layers,old,74730.5,70760.9,76022.7,163705.9,27405153.9,0,0,0,0,0
2,2,new-first,tracked,tmesh_depth,new,94957.8,83703.1,96878.1,185348.0,21567472.4,0,0,0,0,0
2,2,new-first,tracked,tmesh_depth,old,88678.9,68464.5,92893.0,184053.3,23094556.4,0,0,0,0,0
2,2,new-first,tracked,tmesh_cameras,new,104102.3,79962.1,105784.4,208530.1,19672948.0,0,0,0,0,0
2,2,new-first,tracked,tmesh_cameras,old,96630.9,93987.5,104478.5,202380.7,21194057.6,0,0,0,0,0
2,2,new-first,tracked,mixed,new,58216.0,51346.5,75128.9,118981.9,35179322.7,0,0,0,0,0
2,2,new-first,tracked,mixed,old,55209.8,45203.5,66462.9,115395.3,37094886.7,0,0,0,0,0
2,3,old-first,untracked,sprites_layers,old,12943.0,9160.2,16234.4,29841.7,158232631.1,0,0,0,0,0
2,3,old-first,untracked,sprites_layers,new,4536.7,4175.8,5562.1,11235.7,451427587.4,0,0,0,0,0
2,3,old-first,untracked,sprites_16layers,old,4155.9,3956.2,4541.8,10519.7,492798195.3,0,0,0,0,0
2,3,old-first,untracked,sprites_16layers,new,4167.2,3634.0,6392.2,10836.9,491458567.7,0,0,0,0,0
2,3,old-first,untracked,sprites_same_z,old,4455.5,4340.6,6707.4,11855.6,459659828.2,0,0,0,0,0
2,3,old-first,untracked,sprites_same_z,new,4334.0,3557.4,4860.2,10524.8,472544389.4,0,0,0,0,0
2,3,old-first,untracked,sprites_textures,old,15629.3,13644.5,16945.3,35499.8,131035965.1,0,0,0,0,0
2,3,old-first,untracked,sprites_textures,new,12392.6,11846.1,13495.7,28525.6,165260204.9,0,0,0,0,0
2,3,old-first,untracked,sprites_fragmented,old,14753.1,13498.8,16009.8,33592.9,138818047.0,0,0,0,0,0
2,3,old-first,untracked,sprites_fragmented,new,16087.5,15640.2,17719.9,35096.0,127303807.3,0,0,0,0,0
2,3,old-first,untracked,meshes_layers,old,48712.1,48345.7,56016.0,109166.1,42042934.0,0,0,0,0,0
2,3,old-first,untracked,meshes_layers,new,58636.7,47729.3,60266.8,131207.0,34926920.3,0,0,0,0,0
2,3,old-first,untracked,meshes_same_z,old,47710.5,46781.6,49520.7,107067.1,42925519.3,0,0,0,0,0
2,3,old-first,untracked,meshes_same_z,new,47355.1,46748.0,47991.8,106190.0,43247737.8,0,0,0,0,0
2,3,old-first,untracked,meshes_cameras,old,57137.9,56302.3,58680.5,127734.4,35843115.3,0,0,0,0,0
2,3,old-first,untracked,meshes_cameras,new,58781.2,57944.9,68209.8,131158.1,34841042.0,0,0,0,0,0
2,3,old-first,untracked,tmesh_layers,old,69057.8,66934.4,74906.2,153743.5,29656311.5,0,0,0,0,0
2,3,old-first,untracked,tmesh_layers,new,68670.3,67240.2,71047.3,153016.4,29823659.2,0,0,0,0,0
2,3,old-first,untracked,tmesh_16layers,old,84639.8,79450.8,85092.2,188253.0,24196642.0,0,0,0,0,0
2,3,old-first,untracked,tmesh_16layers,new,83238.3,69325.0,86005.9,185273.4,24604064.0,0,0,0,0,0
2,3,old-first,untracked,tmesh_depth,old,85193.0,73044.1,87814.1,189413.1,24039542.6,0,0,0,0,0
2,3,old-first,untracked,tmesh_depth,new,68665.6,67283.2,102248.8,151576.7,29825695.2,0,0,0,0,0
2,3,old-first,untracked,tmesh_cameras,old,102913.7,100943.0,106700.8,207169.4,19900174.2,0,0,0,0,0
2,3,old-first,untracked,tmesh_cameras,new,75904.7,74255.9,99520.3,167257.3,26981205.9,0,0,0,0,0
2,3,old-first,untracked,mixed,old,44562.9,43443.0,47587.5,99487.5,45957521.4,0,0,0,0,0
2,3,old-first,untracked,mixed,new,43126.6,42788.7,44379.7,96327.1,47488134.5,0,0,0,0,0
2,3,old-first,tracked,sprites_layers,old,6372.7,6012.5,7668.0,15172.9,321373053.8,0,0,0,0,0
2,3,old-first,tracked,sprites_layers,new,3764.8,3589.1,3964.8,9855.2,543980078.9,0,0,0,0,0
2,3,old-first,tracked,sprites_16layers,old,4059.8,3875.8,4374.6,10518.0,504462619.1,0,0,0,0,0
2,3,old-first,tracked,sprites_16layers,new,3848.4,3551.6,3966.0,10056.7,532164027.6,0,0,0,0,0
2,3,old-first,tracked,sprites_same_z,old,3833.6,3619.5,4355.5,9864.6,534224577.1,0,0,0,0,0
2,3,old-first,tracked,sprites_same_z,new,3593.8,3500.4,3877.7,9406.8,569878260.9,0,0,0,0,0
2,3,old-first,tracked,sprites_textures,old,17023.4,16719.9,17688.3,38863.5,120304726.9,0,0,0,0,0
2,3,old-first,tracked,sprites_textures,new,17568.8,16939.8,17958.2,40045.9,116570615.4,0,0,0,0,0
2,3,old-first,tracked,sprites_fragmented,old,18623.0,17809.0,18936.3,42252.1,109971263.8,0,0,0,0,0
2,3,old-first,tracked,sprites_fragmented,new,25054.7,18553.9,26814.1,52456.2,81741191.1,0,0,0,0,0
2,3,old-first,tracked,meshes_layers,old,52253.1,49244.1,69446.5,114551.6,39193828.1,0,0,0,0,0
2,3,old-first,tracked,meshes_layers,new,51091.8,49548.4,66132.0,114478.7,40084712.7,0,0,0,0,0
2,3,old-first,tracked,meshes_same_z,old,48512.1,47293.0,50146.1,108210.1,42216263.7,0,0,0,0,0
2,3,old-first,tracked,meshes_same_z,new,49828.1,47895.7,51365.6,111046.4,41101285.7,0,0,0,0,0
2,3,old-first,tracked,meshes_cameras,old,58561.7,58064.8,61423.8,130112.9,34971651.2,0,0,0,0,0
2,3,old-first,tracked,meshes_cameras,new,58797.7,58005.1,69561.3,129709.9,34831320.3,0,0,0,0,0
2,3,old-first,tracked,tmesh_layers,old,69528.9,68516.0,71467.2,154335.0,29455374.9,0,0,0,0,0
2,3,old-first,tracked,tmesh_layers,new,66761.3,66029.7,69250.0,147661.8,30676441.8,0,0,0,0,0
2,3,old-first,tracked,tmesh_16layers,old,69496.1,68644.9,69860.2,153025.8,29469282.2,0,0,0,0,0
2,3,old-first,tracked,tmesh_16layers,new,67560.2,66246.5,68794.5,149906.5,30313725.0,0,0,0,0,0
2,3,old-first,tracked,tmesh_depth,old,70058.6,68066.0,73896.9,154968.7,29232673.5,0,0,0,0,0
2,3,old-first,tracked,tmesh_depth,new,67431.2,66670.7,86348.8,149354.3,30371674.9,0,0,0,0,0
2,3,old-first,tracked,tmesh_cameras,old,76587.9,74623.4,82373.0,169620.3,26740519.7,0,0,0,0,0
2,3,old-first,tracked,tmesh_cameras,new,75759.4,74779.7,85049.2,167937.2,27032958.0,0,0,0,0,0
2,3,old-first,tracked,mixed,old,44659.0,44268.4,47262.5,99854.4,45858633.6,0,0,0,0,0
2,3,old-first,tracked,mixed,new,44532.4,43919.5,46162.9,99182.3,45988965.2,0,0,0,0,0
16,1,old-first,untracked,sprites_layers,old,11355.1,6239.5,12806.6,26440.3,180359833.5,0,0,0,0,0
16,1,old-first,untracked,sprites_layers,new,3353.9,3195.3,3724.6,9031.2,610631260.2,0,0,0,0,0
16,1,old-first,untracked,sprites_16layers,old,4123.4,3794.1,5525.4,10754.6,496672982.2,0,0,0,0,0
16,1,old-first,untracked,sprites_16layers,new,3820.3,3750.4,4403.9,10202.4,536081799.6,0,0,0,0,0
16,1,old-first,untracked,sprites_same_z,old,3784.0,3649.2,4241.0,9991.5,541228450.5,0,0,0,0,0
16,1,old-first,untracked,sprites_same_z,new,3516.8,3305.9,3679.3,9324.5,582348106.2,0,0,0,0,0
16,1,old-first,untracked,sprites_textures,old,13318.0,12819.9,13905.5,31171.6,153777204.2,0,0,0,0,0
16,1,old-first,untracked,sprites_textures,new,12477.0,11971.1,12911.3,28810.2,164142638.0,0,0,0,0,0
16,1,old-first,untracked,sprites_fragmented,old,16807.8,15341.8,17268.4,38505.1,121848098.9,0,0,0,0,0
16,1,old-first,untracked,sprites_fragmented,new,16102.7,15533.2,16677.7,37676.0,127183368.5,0,0,0,0,0
16,1,old-first,untracked,meshes_layers,old,51995.7,48670.7,60683.6,114072.3,39387870.1,0,0,0,0,0
16,1,old-first,untracked,meshes_layers,new,55427.0,49373.0,59741.0,123210.7,36949532.4,0,0,0,0,0
16,1,old-first,untracked,meshes_same_z,old,47463.7,46704.3,47909.8,105287.1,43148789.8,0,0,0,0,0
16,1,old-first,untracked,meshes_same_z,new,48032.4,47166.4,51699.2,106781.6,42637866.7,0,0,0,0,0
16,1,old-first,untracked,meshes_cameras,old,57549.6,55821.9,59236.3,128177.8,35586688.1,0,0,0,0,0
16,1,old-first,untracked,meshes_cameras,new,56937.1,56375.0,58772.3,126321.4,35969511.3,0,0,0,0,0
16,1,old-first,untracked,tmesh_layers,old,69096.5,66262.9,70770.7,152208.7,29639713.5,0,0,0,0,0
16,1,old-first,untracked,tmesh_layers,new,68655.9,65053.9,71154.3,152211.2,29829937.6,0,0,0,0,0
16,1,old-first,untracked,tmesh_16layers,old,68536.7,67327.7,70167.2,152105.8,29881792.4,0,0,0,0,0
16,1,old-first,untracked,tmesh_16layers,new,66655.1,66056.2,68443.8,147822.1,30725340.9,0,0,0,0,0
16,1,old-first,untracked,tmesh_depth,old,68853.9,68331.2,72674.6,152718.0,29744136.7,0,0,0,0,0
16,1,old-first,untracked,tmesh_depth,new,68121.9,66753.9,70831.2,150934.5,30063764.4,0,0,0,0,0
16,1,old-first,untracked,tmesh_cameras,old,75866.0,73846.9,77686.7,167211.0,26994959.2,0,0,0,0,0
16,1,old-first,untracked,tmesh_cameras,new,74740.6,72727.3,76644.1,165176.3,27401429.9,0,0,0,0,0
16,1,old-first,untracked,mixed,old,44942.2,43739.1,46363.3,99623.0,45569655.5,0,0,0,0,0
16,1,old-first,untracked,mixed,new,44955.5,43126.6,48790.2,100594.4,45556192.8,0,0,0,0,0
16,1,old-first,tracked,sprites_layers,old,6797.7,6250.8,7109.0,16609.1,301280312.6,0,0,0,0,0
16,1,old-first,tracked,sprites_layers,new,3862.9,3535.5,4131.2,10279.6,530172919.4,0,0,0,0,0
16,1,old-first,tracked,sprites_16layers,old,4163.3,3968.4,4269.1,10835.2,491919684.7,0,0,0,0,0
16,1,old-first,tracked,sprites_16layers,new,3898.8,3732.0,4085.2,10048.1,525286043.5,0,0,0,0,0
16,1,old-first,tracked,sprites_same_z,old,3882.4,3745.3,4046.9,10217.9,527505785.3,0,0,0,0,0
16,1,old-first,tracked,sprites_same_z,new,3726.6,3607.8,4283.2,9898.9,549568134.2,0,0,0,0,0
16,1,old-first,tracked,sprites_textures,old,17790.6,17111.3,19275.4,40513.2,115116810.1,0,0,0,0,0
16,1,old-first,tracked,sprites_textures,new,16780.9,16338.7,17812.1,38755.5,122043809.2,0,0,0,0,0
16,1,old-first,tracked,sprites_fragmented,old,18722.3,17870.3,19590.2,42766.4,109388470.4,0,0,0,0,0
16,1,old-first,tracked,sprites_fragmented,new,18803.5,18193.8,19418.0,43103.4,108915802.8,0,0,0,0,0
16,1,old-first,tracked,meshes_layers,old,50943.0,50244.5,53313.7,112897.6,40201818.8,0,0,0,0,0
16,1,old-first,tracked,meshes_layers,new,52016.0,50491.0,53573.8,115821.4,39372488.9,0,0,0,0,0
16,1,old-first,tracked,meshes_same_z,old,51413.3,49952.0,55695.7,115030.0,39834065.2,0,0,0,0,0
16,1,old-first,tracked,meshes_same_z,new,50275.4,49585.2,51853.5,112378.0,40735635.8,0,0,0,0,0
16,1,old-first,tracked,meshes_cameras,old,57645.7,56821.5,66132.4,127888.8,35527366.1,0,0,0,0,0
16,1,old-first,tracked,meshes_cameras,new,57025.4,56849.6,64980.1,126430.3,35913826.8,0,0,0,0,0
16,1,old-first,tracked,tmesh_layers,old,69953.5,68026.2,71959.4,155358.8,29276584.3,0,0,0,0,0
16,1,old-first,tracked,tmesh_layers,new,68334.8,67855.5,69407.4,151723.3,29970103.5,0,0,0,0,0
16,1,old-first,tracked,tmesh_16layers,old,68794.5,67999.6,73712.5,152713.7,29769808.2,0,0,0,0,0
16,1,old-first,tracked,tmesh_16layers,new,68414.1,66858.6,80379.7,152119.5,29935366.0,0,0,0,0,0
16,1,old-first,tracked,tmesh_depth,old,70165.2,69046.5,72970.3,155670.9,29188244.3,0,0,0,0,0
16,1,old-first,tracked,tmesh_depth,new,68445.7,67366.8,80478.9,151620.5,29921527.7,0,0,0,0,0
16,1,old-first,tracked,tmesh_cameras,old,74560.2,73223.0,78083.6,164818.8,27467753.6,0,0,0,0,0
16,1,old-first,tracked,tmesh_cameras,new,79715.6,75330.9,88696.5,175389.0,25691324.6,0,0,0,0,0
16,1,old-first,tracked,mixed,old,46009.0,44557.8,52944.9,102630.0,44513045.2,0,0,0,0,0
16,1,old-first,tracked,mixed,new,44429.7,43949.6,46008.6,99094.0,46095305.1,0,0,0,0,0
16,2,new-first,untracked,sprites_layers,new,3616.4,3426.2,4406.6,9724.1,566308057.9,0,0,0,0,0
16,2,new-first,untracked,sprites_layers,old,5396.1,5009.0,5809.0,13357.8,379533806.3,0,0,0,0,0
16,2,new-first,untracked,sprites_16layers,new,3537.9,3364.1,4409.8,9337.3,578876007.5,0,0,0,0,0
16,2,new-first,untracked,sprites_16layers,old,3988.3,3797.3,4384.4,10364.5,513504407.4,0,0,0,0,0
16,2,new-first,untracked,sprites_same_z,new,3616.8,3514.1,4228.9,9716.3,566246894.9,0,0,0,0,0
16,2,new-first,untracked,sprites_same_z,old,3960.5,3634.0,4168.0,10274.5,517100305.8,0,0,0,0,0
16,2,new-first,untracked,sprites_textures,new,12500.8,12176.6,13229.3,29238.1,163829760.6,0,0,0,0,0
16,2,new-first,untracked,sprites_textures,old,12890.2,12553.1,13382.4,30288.5,158879966.1,0,0,0,0,0
16,2,new-first,untracked,sprites_fragmented,new,13224.6,13053.9,13691.8,30797.7,154862797.2,0,0,0,0,0
16,2,new-first,untracked,sprites_fragmented,old,16626.6,13190.2,17807.0,37949.5,123176393.2,0,0,0,0,0
16,2,new-first,untracked,meshes_layers,new,58249.6,51568.0,62475.0,128636.4,35159034.1,0,0,0,0,0
16,2,new-first,untracked,meshes_layers,old,52119.1,49689.5,54948.0,115294.1,39294585.0,0,0,0,0,0
16,2,new-first,untracked,meshes_same_z,new,52266.4,48994.1,61967.6,115795.7,39183868.7,0,0,0,0,0
16,2,new-first,untracked,meshes_same_z,old,49628.1,49309.8,51669.1,110918.7,41266922.7,0,0,0,0,0
16,2,new-first,untracked,meshes_cameras,new,59189.1,56271.5,61087.9,131313.3,34600987.3,0,0,0,0,0
16,2,new-first,untracked,meshes_cameras,old,57804.7,55934.8,60203.1,128456.4,35429652.7,0,0,0,0,0
16,2,new-first,untracked,tmesh_layers,new,66905.9,65725.0,69034.4,147913.8,30610174.0,0,0,0,0,0
16,2,new-first,untracked,tmesh_layers,old,68917.2,67790.2,70057.8,152061.2,29716825.0,0,0,0,0,0
16,2,new-first,untracked,tmesh_16layers,new,68167.6,66582.4,69784.8,151539.0,30043608.1,0,0,0,0,0
16,2,new-first,untracked,tmesh_16layers,old,68219.1,66710.5,68414.1,151040.9,30020900.0,0,0,0,0,0
16,2,new-first,untracked,tmesh_depth,new,70838.3,67061.3,76285.9,155745.6,28910921.7,0,0,0,0,0
16,2,new-first,untracked,tmesh_depth,old,69229.3,68524.6,81080.5,153406.5,29582851.4,0,0,0,0,0
16,2,new-first,untracked,tmesh_cameras,new,75360.2,74464.1,82284.0,167814.7,27176164.5,0,0,0,0,0
16,2,new-first,untracked,tmesh_cameras,old,75515.2,73541.0,78834.8,167485.3,27120355.5,0,0,0,0,0
16,2,new-first,untracked,mixed,new,43239.8,42704.3,43796.9,96007.3,47363723.4,0,0,0,0,0
16,2,new-first,untracked,mixed,old,44257.0,43242.2,46702.0,98910.4,46275132.8,0,0,0,0,0
16,2,new-first,tracked,sprites_layers,new,3704.7,3578.1,4153.5,9617.7,552813159.0,0,0,0,0,0
16,2,new-first,tracked,sprites_layers,old,6149.2,5952.3,6748.4,15141.2,333050438.3,0,0,0,0,0
16,2,new-first,tracked,sprites_16layers,new,3735.5,3591.0,4013.3,9965.8,548246366.2,0,0,0,0,0
16,2,new-first,tracked,sprites_16layers,old,4152.0,3989.1,4467.2,10753.8,493261830.8,0,0,0,0,0
16,2,new-first,tracked,sprites_same_z,new,3707.0,3612.9,3955.1,9721.4,552463645.9,0,0,0,0,0
16,2,new-first,tracked,sprites_same_z,old,3789.8,3692.6,3823.0,9835.5,540391671.8,0,0,0,0,0
16,2,new-first,tracked,sprites_textures,new,16903.9,16571.9,17716.8,38688.6,121155428.2,0,0,0,0,0
16,2,new-first,tracked,sprites_textures,old,17285.9,16829.7,18200.0,39744.1,118477808.9,0,0,0,0,0
16,2,new-first,tracked,sprites_fragmented,new,19586.7,19258.6,20815.6,44830.3,104560647.8,0,0,0,0,0
16,2,new-first,tracked,sprites_fragmented,old,19696.9,18273.4,21019.1,45104.7,103975884.5,0,0,0,0,0
16,2,new-first,tracked,meshes_layers,new,52199.6,49730.9,61805.9,115537.6,39234010.1,0,0,0,0,0
16,2,new-first,tracked,meshes_layers,old,50643.0,50016.4,53414.1,112885.6,40439967.3,0,0,0,0,0
16,2,new-first,tracked,meshes_same_z,new,56357.0,52209.8,60515.2,125614.9,36339742.4,0,0,0,0,0
16,2,new-first,tracked,meshes_same_z,old,53006.6,51085.9,59394.9,116593.9,38636668.5,0,0,0,0,0
16,2,new-first,tracked,meshes_cameras,new,57277.3,55471.5,61263.7,127233.7,35755848.1,0,0,0,0,0
16,2,new-first,tracked,meshes_cameras,old,57732.8,56984.0,63513.7,127837.3,35473761.1,0,0,0,0,0
16,2,new-first,tracked,tmesh_layers,new,69229.7,66656.2,70094.9,153333.6,29582684.5,0,0,0,0,0
16,2,new-first,tracked,tmesh_layers,old,69726.2,68535.2,72261.3,155423.1,29372041.3,0,0,0,0,0
16,2,new-first,tracked,tmesh_16layers,new,68302.0,67004.3,68678.5,150727.9,29984501.3,0,0,0,0,0
16,2,new-first,tracked,tmesh_16layers,old,68969.9,68475.0,71291.4,152824.3,29694103.5,0,0,0,0,0
16,2,new-first,tracked,tmesh_depth,new,67310.9,66873.0,68996.1,150132.0,30425961.6,0,0,0,0,0
16,2,new-first,tracked,tmesh_depth,old,69962.1,68369.9,70860.2,154602.6,29272988.2,0,0,0,0,0
16,2,new-first,tracked,tmesh_cameras,new,74995.7,74168.8,77322.3,166070.6,27308231.2,0,0,0,0,0
16,2,new-first,tracked,tmesh_cameras,old,74448.8,73675.0,76545.7,164826.5,27508827.9,0,0,0,0,0
16,2,new-first,tracked,mixed,new,44753.9,43604.7,49430.5,99756.7,45761368.6,0,0,0,0,0
16,2,new-first,tracked,mixed,old,46449.6,45890.6,47553.1,103145.3,44090790.6,0,0,0,0,0
16,3,old-first,untracked,sprites_layers,old,11795.3,6468.4,12962.5,27704.2,173628295.1,0,0,0,0,0
16,3,old-first,untracked,sprites_layers,new,3605.9,3284.0,3928.5,9271.3,567964467.6,0,0,0,0,0
16,3,old-first,untracked,sprites_16layers,old,4248.0,3853.5,4615.2,10483.7,482103908.0,0,0,0,0,0
16,3,old-first,untracked,sprites_16layers,new,3543.0,3416.8,4098.4,9590.3,578046306.5,0,0,0,0,0
16,3,old-first,untracked,sprites_same_z,old,3800.0,3641.4,3945.7,10205.0,538947368.4,0,0,0,0,0
16,3,old-first,untracked,sprites_same_z,new,3466.0,3349.2,3535.9,9184.7,590880198.4,0,0,0,0,0
16,3,old-first,untracked,sprites_textures,old,13245.3,12512.1,13465.2,30646.0,154620738.5,0,0,0,0,0
16,3,old-first,untracked,sprites_textures,new,12890.6,12509.4,15231.2,29450.7,158875151.5,0,0,0,0,0
16,3,old-first,untracked,sprites_fragmented,old,16217.2,15451.6,17389.5,37678.5,126285769.3,0,0,0,0,0
16,3,old-first,untracked,sprites_fragmented,new,16165.2,15645.7,16784.4,37159.8,126691636.7,0,0,0,0,0
16,3,old-first,untracked,meshes_layers,old,51784.8,48435.2,57643.4,114139.1,39548310.7,0,0,0,0,0
16,3,old-first,untracked,meshes_layers,new,50352.0,48941.4,60138.7,112454.3,40673695.3,0,0,0,0,0
16,3,old-first,untracked,meshes_same_z,old,47977.0,46927.7,48498.4,106560.4,42687162.6,0,0,0,0,0
16,3,old-first,untracked,meshes_same_z,new,47868.4,47269.5,48980.5,106657.3,42784002.4,0,0,0,0,0
16,3,old-first,untracked,meshes_cameras,old,57185.2,56696.1,58778.5,127533.8,35813489.6,0,0,0,0,0
16,3,old-first,untracked,meshes_cameras,new,60930.5,58667.6,68078.9,134502.1,33612083.4,0,0,0,0,0
16,3,old-first,untracked,tmesh_layers,old,68516.0,67106.2,69888.7,152004.6,29890821.6,0,0,0,0,0
16,3,old-first,untracked,tmesh_layers,new,67272.7,66012.9,68058.6,149365.5,30443275.4,0,0,0,0,0
16,3,old-first,untracked,tmesh_16layers,old,68028.1,67730.1,69937.9,151220.9,30105195.5,0,0,0,0,0
16,3,old-first,untracked,tmesh_16layers,new,67463.7,66442.2,70765.2,149177.7,30357078.8,0,0,0,0,0
16,3,old-first,untracked,tmesh_depth,old,68748.8,67162.5,70462.5,151924.9,29789598.7,0,0,0,0,0
16,3,old-first,untracked,tmesh_depth,new,66736.7,65836.7,69141.4,148256.8,30687753.9,0,0,0,0,0
16,3,old-first,untracked,tmesh_cameras,old,74718.4,73789.8,80005.9,165683.9,27409595.4,0,0,0,0,0
16,3,old-first,untracked,tmesh_cameras,new,74592.2,72068.4,90438.7,165106.0,27455958.4,0,0,0,0,0
16,3,old-first,untracked,mixed,old,43157.0,42827.7,45515.2,96484.8,47454608.0,0,0,0,0,0
16,3,old-first,untracked,mixed,new,43232.0,42255.9,51831.2,96591.1,47372282.6,0,0,0,0,0
16,3,old-first,tracked,sprites_layers,old,6904.7,6024.6,7336.3,16728.3,296610092.8,0,0,0,0,0
16,3,old-first,tracked,sprites_layers,new,3750.8,3471.9,3781.6,9641.7,546019579.3,0,0,0,0,0
16,3,old-first,tracked,sprites_16layers,old,3979.3,3798.4,4149.2,10428.8,514663787.2,0,0,0,0,0
16,3,old-first,tracked,sprites_16layers,new,4055.9,3788.3,4379.3,10476.9,504948473.5,0,0,0,0,0
16,3,old-first,tracked,sprites_same_z,old,3784.8,3639.8,4773.8,9896.4,541116730.3,0,0,0,0,0
16,3,old-first,tracked,sprites_same_z,new,3768.4,3556.6,3905.5,9716.3,543472582.1,0,0,0,0,0
16,3,old-first,tracked,sprites_textures,old,17095.3,16677.0,17853.9,39200.4,119798921.5,0,0,0,0,0
16,3,old-first,tracked,sprites_textures,new,17542.2,16930.1,18338.3,39879.6,116747127.5,0,0,0,0,0
16,3,old-first,tracked,sprites_fragmented,old,18342.6,18110.5,19826.6,42234.9,111652788.7,0,0,0,0,0
16,3,old-first,tracked,sprites_fragmented,new,18503.5,18080.1,18968.4,42132.9,110681669.4,0,0,0,0,0
16,3,old-first,tracked,meshes_layers,old,49362.5,48650.0,51715.2,109951.5,41488984.6,0,0,0,0,0
16,3,old-first,tracked,meshes_layers,new,51810.5,49775.4,56528.5,115787.0,39528631.2,0,0,0,0,0
16,3,old-first,tracked,meshes_same_z,old,50143.0,49325.4,52634.8,111780.4,40843213.9,0,0,0,0,0
16,3,old-first,tracked,meshes_same_z,new,49672.7,48164.8,51360.9,110061.2,41229927.2,0,0,0,0,0
16,3,old-first,tracked,meshes_cameras,old,59764.5,58425.0,66602.0,133177.3,34267861.5,0,0,0,0,0
16,3,old-first,tracked,meshes_cameras,new,59103.1,57510.9,60695.3,130732.8,34651298.0,0,0,0,0,0
16,3,old-first,tracked,tmesh_layers,old,72081.2,71214.5,72917.2,160508.5,28412381.9,0,0,0,0,0
16,3,old-first,tracked,tmesh_layers,new,70168.4,69448.4,74232.0,155491.8,29186944.3,0,0,0,0,0
16,3,old-first,tracked,tmesh_16layers,old,73005.5,72127.3,76093.8,162283.4,28052693.0,0,0,0,0,0
16,3,old-first,tracked,tmesh_16layers,new,72314.8,70101.2,73905.5,160185.3,28320603.3,0,0,0,0,0
16,3,old-first,tracked,tmesh_depth,old,72736.7,70969.9,73409.0,160313.0,28156343.0,0,0,0,0,0
16,3,old-first,tracked,tmesh_depth,new,70761.7,69792.6,77164.5,157104.6,28942202.6,0,0,0,0,0
16,3,old-first,tracked,tmesh_cameras,old,74932.0,74005.9,76416.0,166278.1,27331435.8,0,0,0,0,0
16,3,old-first,tracked,tmesh_cameras,new,76807.8,75096.9,77780.5,169481.5,26663954.3,0,0,0,0,0
16,3,old-first,tracked,mixed,old,45214.8,44476.6,46319.5,101093.5,45294859.6,0,0,0,0,0
16,3,old-first,tracked,mixed,new,45305.1,44254.3,49130.1,100968.3,45204645.6,0,0,0,0,0
16,4,new-first,untracked,sprites_layers,new,3546.1,3393.4,3731.6,9623.7,577536902.4,0,0,0,0,0
16,4,new-first,untracked,sprites_layers,old,5320.7,5087.1,5524.2,13183.7,384911533.7,0,0,0,0,0
16,4,new-first,untracked,sprites_16layers,new,3332.8,3235.5,3957.0,8975.5,614496015.0,0,0,0,0,0
16,4,new-first,untracked,sprites_16layers,old,3997.7,3780.5,4794.1,10542.9,512300175.9,0,0,0,0,0
16,4,new-first,untracked,sprites_same_z,new,3434.8,3245.3,3669.1,9146.1,596256112.8,0,0,0,0,0
16,4,new-first,untracked,sprites_same_z,old,3823.0,3644.1,4068.4,10012.1,535698375.4,0,0,0,0,0
16,4,new-first,untracked,sprites_textures,new,12364.8,12150.4,12859.8,28914.0,165630883.9,0,0,0,0,0
16,4,new-first,untracked,sprites_textures,old,12923.8,12575.8,13176.2,29882.0,158466979.0,0,0,0,0,0
16,4,new-first,untracked,sprites_fragmented,new,13350.0,13241.8,14484.8,30958.1,153408239.7,0,0,0,0,0
16,4,new-first,untracked,sprites_fragmented,old,16270.7,14202.7,17089.8,37910.9,125870405.5,0,0,0,0,0
16,4,new-first,untracked,meshes_layers,new,55702.3,49055.9,60649.6,122512.7,36766855.1,0,0,0,0,0
16,4,new-first,untracked,meshes_layers,old,49255.9,48471.5,61185.2,110291.9,41578809.6,0,0,0,0,0
16,4,new-first,untracked,meshes_same_z,new,48321.5,46068.4,55717.2,107630.5,42382804.0,0,0,0,0,0
16,4,new-first,untracked,meshes_same_z,old,47582.8,46168.0,49385.2,106124.8,43040751.3,0,0,0,0,0
16,4,new-first,untracked,meshes_cameras,new,57489.5,57073.4,58825.4,126811.8,35623925.6,0,0,0,0,0
16,4,new-first,untracked,meshes_cameras,old,57312.1,56130.9,58524.2,127355.4,35734158.5,0,0,0,0,0
16,4,new-first,untracked,tmesh_layers,new,70978.5,70079.7,72575.8,157111.4,28853801.5,0,0,0,0,0
16,4,new-first,untracked,tmesh_layers,old,70168.8,69575.0,73265.2,156465.8,29186781.9,0,0,0,0,0
16,4,new-first,untracked,tmesh_16layers,new,72435.5,70426.2,73642.6,160579.7,28273411.2,0,0,0,0,0
16,4,new-first,untracked,tmesh_16layers,old,74091.4,71890.6,78507.4,164212.6,27641532.3,0,0,0,0,0
16,4,new-first,untracked,tmesh_depth,new,74246.1,73518.0,74950.8,164966.3,27583942.8,0,0,0,0,0
16,4,new-first,untracked,tmesh_depth,old,71145.3,68766.4,74348.8,158214.1,28786155.1,0,0,0,0,0
16,4,new-first,untracked,tmesh_cameras,new,72660.2,71538.7,76602.7,159778.0,28186011.5,0,0,0,0,0
16,4,new-first,untracked,tmesh_cameras,old,74437.9,72716.8,81596.1,165635.0,27512869.9,0,0,0,0,0
16,4,new-first,untracked,mixed,new,43128.1,42483.2,43787.1,96418.8,47486414.0,0,0,0,0,0
16,4,new-first,untracked,mixed,old,44354.7,43076.2,51817.6,99160.0,46173248.3,0,0,0,0,0
16,4,new-first,tracked,sprites_layers,new,3768.0,3482.8,4196.9,9827.8,543528923.9,0,0,0,0,0
16,4,new-first,tracked,sprites_layers,old,6246.9,5955.1,6565.6,15242.4,327843922.0,0,0,0,0,0
16,4,new-first,tracked,sprites_16layers,new,3669.1,3560.5,3998.4,9785.7,558168849.1,0,0,0,0,0
16,4,new-first,tracked,sprites_16layers,old,4042.2,3793.4,4174.2,10474.3,506656358.7,0,0,0,0,0
16,4,new-first,tracked,sprites_same_z,new,3646.1,3467.6,4013.7,9731.7,561697021.6,0,0,0,0,0
16,4,new-first,tracked,sprites_same_z,old,3770.3,3662.9,4109.4,9846.6,543191048.5,0,0,0,0,0
16,4,new-first,tracked,sprites_textures,new,18205.5,17002.7,18715.6,41377.5,112493670.3,0,0,0,0,0
16,4,new-first,tracked,sprites_textures,old,17201.2,16725.8,19035.5,39598.3,119061655.5,0,0,0,0,0
16,4,new-first,tracked,sprites_fragmented,new,18588.7,18009.8,19178.5,42637.0,110174627.5,0,0,0,0,0
16,4,new-first,tracked,sprites_fragmented,old,18499.2,18021.9,19466.0,42069.4,110707377.8,0,0,0,0,0
16,4,new-first,tracked,meshes_layers,new,49855.9,48571.9,50902.3,110783.2,41078421.4,0,0,0,0,0
16,4,new-first,tracked,meshes_layers,old,49208.6,47841.0,50927.3,109658.2,41618746.7,0,0,0,0,0
16,4,new-first,tracked,meshes_same_z,new,49408.2,47359.8,50784.8,110385.3,41450606.8,0,0,0,0,0
16,4,new-first,tracked,meshes_same_z,old,47713.3,46352.0,49411.7,106493.5,42923059.3,0,0,0,0,0
16,4,new-first,tracked,meshes_cameras,new,56882.4,56193.4,66413.3,126525.5,36004092.9,0,0,0,0,0
16,4,new-first,tracked,meshes_cameras,old,58054.7,56461.3,63964.5,129245.2,35277082.5,0,0,0,0,0
16,4,new-first,tracked,tmesh_layers,new,67682.0,65934.0,69467.2,150589.0,30259139.1,0,0,0,0,0
16,4,new-first,tracked,tmesh_layers,old,69030.1,68375.8,72264.1,152974.3,29668226.6,0,0,0,0,0
16,4,new-first,tracked,tmesh_16layers,new,67932.8,66565.6,71655.5,150480.1,30147434.3,0,0,0,0,0
16,4,new-first,tracked,tmesh_16layers,old,69771.5,67362.9,79285.9,153950.9,29352965.9,0,0,0,0,0
16,4,new-first,tracked,tmesh_depth,new,67572.7,66677.3,68022.3,149805.3,30308117.4,0,0,0,0,0
16,4,new-first,tracked,tmesh_depth,old,68710.2,67264.1,71103.1,151617.1,29806365.1,0,0,0,0,0
16,4,new-first,tracked,tmesh_cameras,new,75368.4,74445.7,76867.2,167088.4,27173206.6,0,0,0,0,0
16,4,new-first,tracked,tmesh_cameras,old,74815.2,73263.3,78406.2,165317.8,27374103.9,0,0,0,0,0
16,4,new-first,tracked,mixed,new,44435.5,43005.5,44960.9,99349.5,46089226.8,0,0,0,0,0
16,4,new-first,tracked,mixed,old,44957.0,44425.8,46075.8,100555.0,45554609.4,0,0,0,0,0
16,5,old-first,untracked,sprites_layers,old,11591.8,6416.4,13396.5,27120.2,176676663.9,0,0,0,0,0
16,5,old-first,untracked,sprites_layers,new,3545.7,3469.9,4285.2,9529.4,577600528.8,0,0,0,0,0
16,5,old-first,untracked,sprites_16layers,old,4665.6,3831.6,4865.6,12154.8,438955123.9,0,0,0,0,0
16,5,old-first,untracked,sprites_16layers,new,3839.8,3469.1,4321.5,10085.9,533355035.6,0,0,0,0,0
16,5,old-first,untracked,sprites_same_z,old,4128.5,3913.7,4548.4,10789.8,496062068.3,0,0,0,0,0
16,5,old-first,untracked,sprites_same_z,new,3802.3,3441.0,4156.6,10114.2,538615163.3,0,0,0,0,0
16,5,old-first,untracked,sprites_textures,old,13162.5,12900.4,13571.1,30907.5,155593542.3,0,0,0,0,0
16,5,old-first,untracked,sprites_textures,new,12443.0,12160.2,12843.8,28926.9,164590946.2,0,0,0,0,0
16,5,old-first,untracked,sprites_fragmented,old,16077.3,14298.4,17419.5,37809.7,127384226.6,0,0,0,0,0
16,5,old-first,untracked,sprites_fragmented,new,16115.2,15089.5,17645.7,36799.6,127084717.0,0,0,0,0,0
16,5,old-first,untracked,meshes_layers,old,55041.0,47914.1,59732.0,121367.2,37208615.7,0,0,0,0,0
16,5,old-first,untracked,meshes_layers,new,50519.1,48825.0,64753.5,112666.1,40539090.2,0,0,0,0,0
16,5,old-first,untracked,meshes_same_z,old,47280.9,46741.8,51986.3,105423.4,43315625.5,0,0,0,0,0
16,5,old-first,untracked,meshes_same_z,new,47424.6,46903.5,56645.3,106783.3,43184330.4,0,0,0,0,0
16,5,old-first,untracked,meshes_cameras,old,57696.1,56185.5,60564.1,128585.0,35496337.2,0,0,0,0,0
16,5,old-first,untracked,meshes_cameras,new,58853.1,57216.8,66409.8,130711.5,34798492.0,0,0,0,0,0
16,5,old-first,untracked,tmesh_layers,old,69294.1,66639.8,71652.3,153933.0,29555168.5,0,0,0,0,0
16,5,old-first,untracked,tmesh_layers,new,67080.5,66224.2,68977.0,148896.4,30530496.3,0,0,0,0,0
16,5,old-first,untracked,tmesh_16layers,old,68597.7,67264.5,70613.7,152323.6,29855247.4,0,0,0,0,0
16,5,old-first,untracked,tmesh_16layers,new,67576.6,65830.5,72498.4,149681.0,30306365.5,0,0,0,0,0
16,5,old-first,untracked,tmesh_depth,old,68109.8,66691.4,69314.8,151540.7,30069109.5,0,0,0,0,0
16,5,old-first,untracked,tmesh_depth,new,68644.9,66566.8,72527.7,151365.0,29834690.5,0,0,0,0,0
16,5,old-first,untracked,tmesh_cameras,old,75344.5,74277.3,88816.0,167123.5,27181800.3,0,0,0,0,0
16,5,old-first,untracked,tmesh_cameras,new,74581.2,72407.4,77394.9,164957.7,27459984.9,0,0,0,0,0
16,5,old-first,untracked,mixed,old,43351.2,42825.8,44363.7,96831.2,47242090.8,0,0,0,0,0
16,5,old-first,untracked,mixed,new,42986.7,41928.1,44172.3,96407.6,47642622.2,0,0,0,0,0
16,5,old-first,tracked,sprites_layers,old,6414.1,5966.4,6871.1,15671.1,319298416.6,0,0,0,0,0
16,5,old-first,tracked,sprites_layers,new,3623.0,3511.3,3860.9,9630.6,565270080.9,0,0,0,0,0
16,5,old-first,tracked,sprites_16layers,old,3948.4,3770.7,4220.3,10369.7,518686189.2,0,0,0,0,0
16,5,old-first,tracked,sprites_16layers,new,3866.4,3583.2,5376.6,9965.0,529690846.6,0,0,0,0,0
16,5,old-first,tracked,sprites_same_z,old,3831.2,3592.6,4328.5,10161.3,534551386.6,0,0,0,0,0
16,5,old-first,tracked,sprites_same_z,new,3631.6,3449.2,4420.7,9609.1,563932451.3,0,0,0,0,0
16,5,old-first,tracked,sprites_textures,old,16904.3,16845.3,17431.6,38984.4,121152628.5,0,0,0,0,0
16,5,old-first,tracked,sprites_textures,new,17217.2,16877.7,17620.3,39316.2,118950903.0,0,0,0,0,0
16,5,old-first,tracked,sprites_fragmented,old,18246.1,18023.4,20061.7,41604.7,112243202.7,0,0,0,0,0
16,5,old-first,tracked,sprites_fragmented,new,18237.5,18018.8,19228.5,41687.8,112296093.2,0,0,0,0,0
16,5,old-first,tracked,meshes_layers,old,49491.0,48342.6,50325.4,110635.7,41381248.2,0,0,0,0,0
16,5,old-first,tracked,meshes_layers,new,50822.7,49614.8,51662.5,112244.3,40296988.6,0,0,0,0,0
16,5,old-first,tracked,meshes_same_z,old,48467.6,47664.8,49428.5,107767.6,42255051.3,0,0,0,0,0
16,5,old-first,tracked,meshes_same_z,new,48639.8,47541.8,51994.9,108263.2,42105398.4,0,0,0,0,0
16,5,old-first,tracked,meshes_cameras,old,61411.7,57917.2,64019.5,136140.6,33348684.0,0,0,0,0,0
16,5,old-first,tracked,meshes_cameras,new,60034.0,56982.0,62337.1,132882.3,34114010.9,0,0,0,0,0
16,5,old-first,tracked,tmesh_layers,old,69123.0,68487.1,72034.0,153977.5,29628323.6,0,0,0,0,0
16,5,old-first,tracked,tmesh_layers,new,68062.5,66420.7,70123.8,151060.6,30089990.8,0,0,0,0,0
16,5,old-first,tracked,tmesh_16layers,old,68630.1,68118.0,70149.6,151494.4,29841143.4,0,0,0,0,0
16,5,old-first,tracked,tmesh_16layers,new,71382.4,66906.6,71808.6,158381.3,28690536.8,0,0,0,0,0
16,5,old-first,tracked,tmesh_depth,old,69850.4,68286.7,71893.4,155560.3,29319807.4,0,0,0,0,0
16,5,old-first,tracked,tmesh_depth,new,67488.7,65460.9,72391.8,150212.6,30345833.5,0,0,0,0,0
16,5,old-first,tracked,tmesh_cameras,old,75743.8,74593.4,76776.2,168050.4,27038534.5,0,0,0,0,0
16,5,old-first,tracked,tmesh_cameras,new,77209.4,75949.6,77755.1,170970.0,26525276.2,0,0,0,0,0
16,5,old-first,tracked,mixed,old,47145.3,45095.3,51691.0,104734.0,43440161.7,0,0,0,0,0
16,5,old-first,tracked,mixed,new,43738.7,43410.2,49148.0,97893.6,46823552.5,0,0,0,0,0
